{"data":[{"Properties":{"domain":"SUB.POSEIDON.YZX","name":"GUESTS@SUB.POSEIDON.YZX","distinguishedname":"CN=GUESTS,CN=BUILTIN,DC=SUB,DC=POSEIDON,DC=YZX","domainsid":"S-1-5-21-4168247447-1722543658-2110108262","samaccountname":"Guests","isaclprotected":false,"description":"Guests have the same access as members of the Users group by default, except for the Guest account which is further restricted","whencreated":1687167877,"admincount":false},"Members":[{"ObjectIdentifier":"S-1-5-21-4168247447-1722543658-2110108262-514","ObjectType":"Group"},{"ObjectIdentifier":"S-1-5-21-4168247447-1722543658-2110108262-501","ObjectType":"User"}],"Aces":[{"PrincipalSID":"SUB.POSEIDON.YZX-S-1-5-32-544","PrincipalType":"Group","RightName":"Owns","IsInherited":false,"InheritanceHash":""},{"PrincipalSID":"SUB.POSEIDON.YZX-S-1-5-32-548","PrincipalType":"Group","RightName":"GenericAll","IsInherited":false,"InheritanceHash":""},{"PrincipalSID":"S-1-5-21-4168247447-1722543658-2110108262-512","PrincipalType":"Group","RightName":"GenericAll","IsInherited":false,"InheritanceHash":""},{"PrincipalSID":"S-1-5-21-1190331060-1711709193-932631991-519","PrincipalType":"Base","RightName":"GenericAll","IsInherited":true,"InheritanceHash":"F9C4B7E61051D8572B3733F64B5E5BC4F2CE4939"},{"PrincipalSID":"SUB.POSEIDON.YZX-S-1-5-32-544","PrincipalType":"Group","RightName":"WriteDacl","IsInherited":true,"InheritanceHash":"62C26D4FB3FF64505B03CDD35D648DFBC6C157CC"},{"PrincipalSID":"SUB.POSEIDON.YZX-S-1-5-32-544","PrincipalType":"Group","RightName":"WriteOwner","IsInherited":true,"InheritanceHash":"62C26D4FB3FF64505B03CDD35D648DFBC6C157CC"},{"PrincipalSID":"SUB.POSEIDON.YZX-S-1-5-32-544","PrincipalType":"Group","RightName":"GenericWrite","IsInherited":true,"InheritanceHash":"62C26D4FB3FF64505B03CDD35D648DFBC6C157CC"}],"ObjectIdentifier":"SUB.POSEIDON.YZX-S-1-5-32-546","IsDeleted":false,"IsACLProtected":false,"ContainedBy":{"ObjectIdentifier":"S-1-5-21-4168247447-1722543658-2110108262","ObjectType":"Domain"}},{"Properties":{"domain":"SUB.POSEIDON.YZX","name":"PRINT OPERATORS@SUB.POSEIDON.YZX","distinguishedname":"CN=PRINT OPERATORS,CN=BUILTIN,DC=SUB,DC=POSEIDON,DC=YZX","domainsid":"S-1-5-21-4168247447-1722543658-2110108262","samaccountname":"Print Operators","isaclprotected":true,"description":"Members can administer printers installed on domain controllers","whencreated":1687167877,"admincount":true},"Members":[],"Aces":[{"PrincipalSID":"S-1-5-21-4168247447-1722543658-2110108262-512","PrincipalType":"Group","RightName":"Owns","IsInherited":false,"InheritanceHash":""},{"PrincipalSID":"SUB.POSEIDON.YZX-S-1-5-32-544","PrincipalType":"Group","RightName":"WriteDacl","IsInherited":false,"InheritanceHash":""},{"PrincipalSID":"SUB.POSEIDON.YZX-S-1-5-32-544","PrincipalType":"Group","RightName":"WriteOwner","IsInherited":false,"InheritanceHash":""},{"PrincipalSID":"SUB.POSEIDON.YZX-S-1-5-32-544","PrincipalType":"Group","RightName":"GenericWrite","IsInherited":false,"InheritanceHash":""},{"PrincipalSID":"S-1-5-21-4168247447-1722543658-2110108262-512","PrincipalType":"Group","RightName":"WriteDacl","IsInherited":false,"InheritanceHash":""},{"PrincipalSID":"S-1-5-21-4168247447-1722543658-2110108262-512","PrincipalType":"Group","RightName":"WriteOwner","IsInherited":false,"InheritanceHash":""},{"PrincipalSID":"S-1-5-21-4168247447-1722543658-2110108262-512","PrincipalType":"Group","RightName":"GenericWrite","IsInherited":false,"InheritanceHash":""},{"PrincipalSID":"S-1-5-21-1190331060-1711709193-932631991-519","PrincipalType":"Base","RightName":"WriteDacl","IsInherited":false,"InheritanceHash":""},{"PrincipalSID":"S-1-5-21-1190331060-1711709193-932631991-519","PrincipalType":"Base","RightName":"WriteOwner","IsInherited":false,"InheritanceHash":""},{"PrincipalSID":"S-1-5-21-1190331060-1711709193-932631991-519","PrincipalType":"Base","RightName":"GenericWrite","IsInherited":false,"InheritanceHash":""}],"ObjectIdentifier":"SUB.POSEIDON.YZX-S-1-5-32-550","IsDeleted":false,"IsACLProtected":true,"ContainedBy":{"ObjectIdentifier":"S-1-5-21-4168247447-1722543658-2110108262","ObjectType":"Domain"}},{"Properties":{"domain":"SUB.POSEIDON.YZX","name":"BACKUP OPERATORS@SUB.POSEIDON.YZX","distinguishedname":"CN=BACKUP OPERATORS,CN=BUILTIN,DC=SUB,DC=POSEIDON,DC=YZX","domainsid":"S-1-5-21-4168247447-1722543658-2110108262","samaccountname":"Backup Operators","isaclprotected":true,"description":"Backup Operators can override security restrictions for the sole purpose of backing up or restoring files","whencreated":1687167877,"admincount":true},"Members":[{"ObjectIdentifier":"S-1-5-21-4168247447-1722543658-2110108262-1105","ObjectType":"User"}],"Aces":[{"PrincipalSID":"S-1-5-21-4168247447-1722543658-2110108262-512","PrincipalType":"Group","RightName":"Owns","IsInherited":false,"InheritanceHash":""},{"PrincipalSID":"SUB.POSEIDON.YZX-S-1-5-32-544","PrincipalType":"Group","RightName":"WriteDacl","IsInherited":false,"InheritanceHash":""},{"PrincipalSID":"SUB.POSEIDON.YZX-S-1-5-32-544","PrincipalType":"Group","RightName":"WriteOwner","IsInherited":false,"InheritanceHash":""},{"PrincipalSID":"SUB.POSEIDON.YZX-S-1-5-32-544","PrincipalType":"Group","RightName":"GenericWrite","IsInherited":false,"InheritanceHash":""},{"PrincipalSID":"S-1-5-21-4168247447-1722543658-2110108262-512","PrincipalType":"Group","RightName":"WriteDacl","IsInherited":false,"InheritanceHash":""},{"PrincipalSID":"S-1-5-21-4168247447-1722543658-2110108262-512","PrincipalType":"Group","RightName":"WriteOwner","IsInherited":false,"InheritanceHash":""},{"PrincipalSID":"S-1-5-21-4168247447-1722543658-2110108262-512","PrincipalType":"Group","RightName":"GenericWrite","IsInherited":false,"InheritanceHash":""},{"PrincipalSID":"S-1-5-21-1190331060-1711709193-932631991-519","PrincipalType":"Base","RightName":"WriteDacl","IsInherited":false,"InheritanceHash":""},{"PrincipalSID":"S-1-5-21-1190331060-1711709193-932631991-519","PrincipalType":"Base","RightName":"WriteOwner","IsInherited":false,"InheritanceHash":""},{"PrincipalSID":"S-1-5-21-1190331060-1711709193-932631991-519","PrincipalType":"Base","RightName":"GenericWrite","IsInherited":false,"InheritanceHash":""}],"ObjectIdentifier":"SUB.POSEIDON.YZX-S-1-5-32-551","IsDeleted":false,"IsACLProtected":true,"ContainedBy":{"ObjectIdentifier":"S-1-5-21-4168247447-1722543658-2110108262","ObjectType":"Domain"}},{"Properties":{"domain":"SUB.POSEIDON.YZX","name":"REPLICATORS@SUB.POSEIDON.YZX","distinguishedname":"CN=REPLICATOR,CN=BUILTIN,DC=SUB,DC=POSEIDON,DC=YZX","domainsid":"S-1-5-21-4168247447-1722543658-2110108262","samaccountname":"Replicator","isaclprotected":true,"description":"Supports file replication in a domain","whencreated":1687167877,"admincount":true},"Members":[],"Aces":[{"PrincipalSID":"S-1-5-21-4168247447-1722543658-2110108262-512","PrincipalType":"Group","RightName":"Owns","IsInherited":false,"InheritanceHash":""},{"PrincipalSID":"SUB.POSEIDON.YZX-S-1-5-32-544","PrincipalType":"Group","RightName":"WriteDacl","IsInherited":false,"InheritanceHash":""},{"PrincipalSID":"SUB.POSEIDON.YZX-S-1-5-32-544","PrincipalType":"Group","RightName":"WriteOwner","IsInherited":false,"InheritanceHash":""},{"PrincipalSID":"SUB.POSEIDON.YZX-S-1-5-32-544","PrincipalType":"Group","RightName":"GenericWrite","IsInherited":false,"InheritanceHash":""},{"PrincipalSID":"S-1-5-21-4168247447-1722543658-2110108262-512","PrincipalType":"Group","RightName":"WriteDacl","IsInherited":false,"InheritanceHash":""},{"PrincipalSID":"S-1-5-21-4168247447-1722543658-2110108262-512","PrincipalType":"Group","RightName":"WriteOwner","IsInherited":false,"InheritanceHash":""},{"PrincipalSID":"S-1-5-21-4168247447-1722543658-2110108262-512","PrincipalType":"Group","RightName":"GenericWrite","IsInherited":false,"InheritanceHash":""},{"PrincipalSID":"S-1-5-21-1190331060-1711709193-932631991-519","PrincipalType":"Base","RightName":"WriteDacl","IsInherited":false,"InheritanceHash":""},{"PrincipalSID":"S-1-5-21-1190331060-1711709193-932631991-519","PrincipalType":"Base","RightName":"WriteOwner","IsInherited":false,"InheritanceHash":""},{"PrincipalSID":"S-1-5-21-1190331060-1711709193-932631991-519","PrincipalType":"Base","RightName":"GenericWrite","IsInherited":false,"InheritanceHash":""}],"ObjectIdentifier":"SUB.POSEIDON.YZX-S-1-5-32-552","IsDeleted":false,"IsACLProtected":true,"ContainedBy":{"ObjectIdentifier":"S-1-5-21-4168247447-1722543658-2110108262","ObjectType":"Domain"}},{"Properties":{"domain":"SUB.POSEIDON.YZX","name":"REMOTE DESKTOP USERS@SUB.POSEIDON.YZX","distinguishedname":"CN=REMOTE DESKTOP USERS,CN=BUILTIN,DC=SUB,DC=POSEIDON,DC=YZX","domainsid":"S-1-5-21-4168247447-1722543658-2110108262","samaccountname":"Remote Desktop Users","isaclprotected":false,"description":"Members in this group are granted the right to logon remotely","whencreated":1687167877,"admincount":false},"Members":[],"Aces":[{"PrincipalSID":"SUB.POSEIDON.YZX-S-1-5-32-544","PrincipalType":"Group","RightName":"Owns","IsInherited":false,"InheritanceHash":""},{"PrincipalSID":"SUB.POSEIDON.YZX-S-1-5-32-548","PrincipalType":"Group","RightName":"GenericAll","IsInherited":false,"InheritanceHash":""},{"PrincipalSID":"S-1-5-21-4168247447-1722543658-2110108262-512","PrincipalType":"Group","RightName":"GenericAll","IsInherited":false,"InheritanceHash":""},{"PrincipalSID":"S-1-5-21-1190331060-1711709193-932631991-519","PrincipalType":"Base","RightName":"GenericAll","IsInherited":true,"InheritanceHash":"F9C4B7E61051D8572B3733F64B5E5BC4F2CE4939"},{"PrincipalSID":"SUB.POSEIDON.YZX-S-1-5-32-544","PrincipalType":"Group","RightName":"WriteDacl","IsInherited":true,"InheritanceHash":"62C26D4FB3FF64505B03CDD35D648DFBC6C157CC"},{"PrincipalSID":"SUB.POSEIDON.YZX-S-1-5-32-544","PrincipalType":"Group","RightName":"WriteOwner","IsInherited":true,"InheritanceHash":"62C26D4FB3FF64505B03CDD35D648DFBC6C157CC"},{"PrincipalSID":"SUB.POSEIDON.YZX-S-1-5-32-544","PrincipalType":"Group","RightName":"GenericWrite","IsInherited":true,"InheritanceHash":"62C26D4FB3FF64505B03CDD35D648DFBC6C157CC"}],"ObjectIdentifier":"SUB.POSEIDON.YZX-S-1-5-32-555","IsDeleted":false,"IsACLProtected":false,"ContainedBy":{"ObjectIdentifier":"S-1-5-21-4168247447-1722543658-2110108262","ObjectType":"Domain"}},{"Properties":{"domain":"SUB.POSEIDON.YZX","name":"NETWORK CONFIGURATION OPERATORS@SUB.POSEIDON.YZX","distinguishedname":"CN=NETWORK CONFIGURATION OPERATORS,CN=BUILTIN,DC=SUB,DC=POSEIDON,DC=YZX","domainsid":"S-1-5-21-4168247447-1722543658-2110108262","samaccountname":"Network Configuration Operators","isaclprotected":false,"description":"Members in this group can have some administrative privileges to manage configuration of networking features","whencreated":1687167877,"admincount":false},"Members":[],"Aces":[{"PrincipalSID":"SUB.POSEIDON.YZX-S-1-5-32-544","PrincipalType":"Group","RightName":"Owns","IsInherited":false,"InheritanceHash":""},{"PrincipalSID":"SUB.POSEIDON.YZX-S-1-5-32-548","PrincipalType":"Group","RightName":"GenericAll","IsInherited":false,"InheritanceHash":""},{"PrincipalSID":"S-1-5-21-4168247447-1722543658-2110108262-512","PrincipalType":"Group","RightName":"GenericAll","IsInherited":false,"InheritanceHash":""},{"PrincipalSID":"S-1-5-21-1190331060-1711709193-932631991-519","PrincipalType":"Base","RightName":"GenericAll","IsInherited":true,"InheritanceHash":"F9C4B7E61051D8572B3733F64B5E5BC4F2CE4939"},{"PrincipalSID":"SUB.POSEIDON.YZX-S-1-5-32-544","PrincipalType":"Group","RightName":"WriteDacl","IsInherited":true,"InheritanceHash":"62C26D4FB3FF64505B03CDD35D648DFBC6C157CC"},{"PrincipalSID":"SUB.POSEIDON.YZX-S-1-5-32-544","PrincipalType":"Group","RightName":"WriteOwner","IsInherited":true,"InheritanceHash":"62C26D4FB3FF64505B03CDD35D648DFBC6C157CC"},{"PrincipalSID":"SUB.POSEIDON.YZX-S-1-5-32-544","PrincipalType":"Group","RightName":"GenericWrite","IsInherited":true,"InheritanceHash":"62C26D4FB3FF64505B03CDD35D648DFBC6C157CC"}],"ObjectIdentifier":"SUB.POSEIDON.YZX-S-1-5-32-556","IsDeleted":false,"IsACLProtected":false,"ContainedBy":{"ObjectIdentifier":"S-1-5-21-4168247447-1722543658-2110108262","ObjectType":"Domain"}},{"Properties":{"domain":"SUB.POSEIDON.YZX","name":"PERFORMANCE MONITOR USERS@SUB.POSEIDON.YZX","distinguishedname":"CN=PERFORMANCE MONITOR USERS,CN=BUILTIN,DC=SUB,DC=POSEIDON,DC=YZX","domainsid":"S-1-5-21-4168247447-1722543658-2110108262","samaccountname":"Performance Monitor Users","isaclprotected":false,"description":"Members of this group can access performance counter data locally and remotely","whencreated":1687167877,"admincount":false},"Members":[],"Aces":[{"PrincipalSID":"SUB.POSEIDON.YZX-S-1-5-32-544","PrincipalType":"Group","RightName":"Owns","IsInherited":false,"InheritanceHash":""},{"PrincipalSID":"SUB.POSEIDON.YZX-S-1-5-32-548","PrincipalType":"Group","RightName":"GenericAll","IsInherited":false,"InheritanceHash":""},{"PrincipalSID":"S-1-5-21-4168247447-1722543658-2110108262-512","PrincipalType":"Group","RightName":"GenericAll","IsInherited":false,"InheritanceHash":""},{"PrincipalSID":"S-1-5-21-1190331060-1711709193-932631991-519","PrincipalType":"Base","RightName":"GenericAll","IsInherited":true,"InheritanceHash":"F9C4B7E61051D8572B3733F64B5E5BC4F2CE4939"},{"PrincipalSID":"SUB.POSEIDON.YZX-S-1-5-32-544","PrincipalType":"Group","RightName":"WriteDacl","IsInherited":true,"InheritanceHash":"62C26D4FB3FF64505B03CDD35D648DFBC6C157CC"},{"PrincipalSID":"SUB.POSEIDON.YZX-S-1-5-32-544","PrincipalType":"Group","RightName":"WriteOwner","IsInherited":true,"InheritanceHash":"62C26D4FB3FF64505B03CDD35D648DFBC6C157CC"},{"PrincipalSID":"SUB.POSEIDON.YZX-S-1-5-32-544","PrincipalType":"Group","RightName":"GenericWrite","IsInherited":true,"InheritanceHash":"62C26D4FB3FF64505B03CDD35D648DFBC6C157CC"}],"ObjectIdentifier":"SUB.POSEIDON.YZX-S-1-5-32-558","IsDeleted":false,"IsACLProtected":false,"ContainedBy":{"ObjectIdentifier":"S-1-5-21-4168247447-1722543658-2110108262","ObjectType":"Domain"}},{"Properties":{"domain":"SUB.POSEIDON.YZX","name":"PERFORMANCE LOG USERS@SUB.POSEIDON.YZX","distinguishedname":"CN=PERFORMANCE LOG USERS,CN=BUILTIN,DC=SUB,DC=POSEIDON,DC=YZX","domainsid":"S-1-5-21-4168247447-1722543658-2110108262","samaccountname":"Performance Log Users","isaclprotected":false,"description":"Members of this group may schedule logging of performance counters, enable trace providers, and collect event traces both locally and via remote access to this computer","whencreated":1687167877,"admincount":false},"Members":[],"Aces":[{"PrincipalSID":"SUB.POSEIDON.YZX-S-1-5-32-544","PrincipalType":"Group","RightName":"Owns","IsInherited":false,"InheritanceHash":""},{"PrincipalSID":"SUB.POSEIDON.YZX-S-1-5-32-548","PrincipalType":"Group","RightName":"GenericAll","IsInherited":false,"InheritanceHash":""},{"PrincipalSID":"S-1-5-21-4168247447-1722543658-2110108262-512","PrincipalType":"Group","RightName":"GenericAll","IsInherited":false,"InheritanceHash":""},{"PrincipalSID":"S-1-5-21-1190331060-1711709193-932631991-519","PrincipalType":"Base","RightName":"GenericAll","IsInherited":true,"InheritanceHash":"F9C4B7E61051D8572B3733F64B5E5BC4F2CE4939"},{"PrincipalSID":"SUB.POSEIDON.YZX-S-1-5-32-544","PrincipalType":"Group","RightName":"WriteDacl","IsInherited":true,"InheritanceHash":"62C26D4FB3FF64505B03CDD35D648DFBC6C157CC"},{"PrincipalSID":"SUB.POSEIDON.YZX-S-1-5-32-544","PrincipalType":"Group","RightName":"WriteOwner","IsInherited":true,"InheritanceHash":"62C26D4FB3FF64505B03CDD35D648DFBC6C157CC"},{"PrincipalSID":"SUB.POSEIDON.YZX-S-1-5-32-544","PrincipalType":"Group","RightName":"GenericWrite","IsInherited":true,"InheritanceHash":"62C26D4FB3FF64505B03CDD35D648DFBC6C157CC"}],"ObjectIdentifier":"SUB.POSEIDON.YZX-S-1-5-32-559","IsDeleted":false,"IsACLProtected":false,"ContainedBy":{"ObjectIdentifier":"S-1-5-21-4168247447-1722543658-2110108262","ObjectType":"Domain"}},{"Properties":{"domain":"SUB.POSEIDON.YZX","name":"DISTRIBUTED COM USERS@SUB.POSEIDON.YZX","distinguishedname":"CN=DISTRIBUTED COM USERS,CN=BUILTIN,DC=SUB,DC=POSEIDON,DC=YZX","domainsid":"S-1-5-21-4168247447-1722543658-2110108262","samaccountname":"Distributed COM Users","isaclprotected":false,"description":"Members are allowed to launch, activate and use Distributed COM objects on this machine.","whencreated":1687167877,"admincount":false},"Members":[],"Aces":[{"PrincipalSID":"SUB.POSEIDON.YZX-S-1-5-32-544","PrincipalType":"Group","RightName":"Owns","IsInherited":false,"InheritanceHash":""},{"PrincipalSID":"SUB.POSEIDON.YZX-S-1-5-32-548","PrincipalType":"Group","RightName":"GenericAll","IsInherited":false,"InheritanceHash":""},{"PrincipalSID":"S-1-5-21-4168247447-1722543658-2110108262-512","PrincipalType":"Group","RightName":"GenericAll","IsInherited":false,"InheritanceHash":""},{"PrincipalSID":"S-1-5-21-1190331060-1711709193-932631991-519","PrincipalType":"Base","RightName":"GenericAll","IsInherited":true,"InheritanceHash":"F9C4B7E61051D8572B3733F64B5E5BC4F2CE4939"},{"PrincipalSID":"SUB.POSEIDON.YZX-S-1-5-32-544","PrincipalType":"Group","RightName":"WriteDacl","IsInherited":true,"InheritanceHash":"62C26D4FB3FF64505B03CDD35D648DFBC6C157CC"},{"PrincipalSID":"SUB.POSEIDON.YZX-S-1-5-32-544","PrincipalType":"Group","RightName":"WriteOwner","IsInherited":true,"InheritanceHash":"62C26D4FB3FF64505B03CDD35D648DFBC6C157CC"},{"PrincipalSID":"SUB.POSEIDON.YZX-S-1-5-32-544","PrincipalType":"Group","RightName":"GenericWrite","IsInherited":true,"InheritanceHash":"62C26D4FB3FF64505B03CDD35D648DFBC6C157CC"}],"ObjectIdentifier":"SUB.POSEIDON.YZX-S-1-5-32-562","IsDeleted":false,"IsACLProtected":false,"ContainedBy":{"ObjectIdentifier":"S-1-5-21-4168247447-1722543658-2110108262","ObjectType":"Domain"}},{"Properties":{"domain":"SUB.POSEIDON.YZX","name":"IIS_IUSRS@SUB.POSEIDON.YZX","distinguishedname":"CN=IIS_IUSRS,CN=BUILTIN,DC=SUB,DC=POSEIDON,DC=YZX","domainsid":"S-1-5-21-4168247447-1722543658-2110108262","samaccountname":"IIS_IUSRS","isaclprotected":false,"description":"Built-in group used by Internet Information Services.","whencreated":1687167877,"admincount":false},"Members":[{"ObjectIdentifier":"SUB.POSEIDON.YZX-S-1-5-17","ObjectType":"User"}],"Aces":[{"PrincipalSID":"SUB.POSEIDON.YZX-S-1-5-32-544","PrincipalType":"Group","RightName":"Owns","IsInherited":false,"InheritanceHash":""},{"PrincipalSID":"SUB.POSEIDON.YZX-S-1-5-32-548","PrincipalType":"Group","RightName":"GenericAll","IsInherited":false,"InheritanceHash":""},{"PrincipalSID":"S-1-5-21-4168247447-1722543658-2110108262-512","PrincipalType":"Group","RightName":"GenericAll","IsInherited":false,"InheritanceHash":""},{"PrincipalSID":"S-1-5-21-1190331060-1711709193-932631991-519","PrincipalType":"Base","RightName":"GenericAll","IsInherited":true,"InheritanceHash":"F9C4B7E61051D8572B3733F64B5E5BC4F2CE4939"},{"PrincipalSID":"SUB.POSEIDON.YZX-S-1-5-32-544","PrincipalType":"Group","RightName":"WriteDacl","IsInherited":true,"InheritanceHash":"62C26D4FB3FF64505B03CDD35D648DFBC6C157CC"},{"PrincipalSID":"SUB.POSEIDON.YZX-S-1-5-32-544","PrincipalType":"Group","RightName":"WriteOwner","IsInherited":true,"InheritanceHash":"62C26D4FB3FF64505B03CDD35D648DFBC6C157CC"},{"PrincipalSID":"SUB.POSEIDON.YZX-S-1-5-32-544","PrincipalType":"Group","RightName":"GenericWrite","IsInherited":true,"InheritanceHash":"62C26D4FB3FF64505B03CDD35D648DFBC6C157CC"}],"ObjectIdentifier":"SUB.POSEIDON.YZX-S-1-5-32-568","IsDeleted":false,"IsACLProtected":false,"ContainedBy":{"ObjectIdentifier":"S-1-5-21-4168247447-1722543658-2110108262","ObjectType":"Domain"}},{"Properties":{"domain":"SUB.POSEIDON.YZX","name":"CRYPTOGRAPHIC OPERATORS@SUB.POSEIDON.YZX","distinguishedname":"CN=CRYPTOGRAPHIC OPERATORS,CN=BUILTIN,DC=SUB,DC=POSEIDON,DC=YZX","domainsid":"S-1-5-21-4168247447-1722543658-2110108262","samaccountname":"Cryptographic Operators","isaclprotected":false,"description":"Members are authorized to perform cryptographic operations.","whencreated":1687167877,"admincount":false},"Members":[],"Aces":[{"PrincipalSID":"SUB.POSEIDON.YZX-S-1-5-32-544","PrincipalType":"Group","RightName":"Owns","IsInherited":false,"InheritanceHash":""},{"PrincipalSID":"SUB.POSEIDON.YZX-S-1-5-32-548","PrincipalType":"Group","RightName":"GenericAll","IsInherited":false,"InheritanceHash":""},{"PrincipalSID":"S-1-5-21-4168247447-1722543658-2110108262-512","PrincipalType":"Group","RightName":"GenericAll","IsInherited":false,"InheritanceHash":""},{"PrincipalSID":"S-1-5-21-1190331060-1711709193-932631991-519","PrincipalType":"Base","RightName":"GenericAll","IsInherited":true,"InheritanceHash":"F9C4B7E61051D8572B3733F64B5E5BC4F2CE4939"},{"PrincipalSID":"SUB.POSEIDON.YZX-S-1-5-32-544","PrincipalType":"Group","RightName":"WriteDacl","IsInherited":true,"InheritanceHash":"62C26D4FB3FF64505B03CDD35D648DFBC6C157CC"},{"PrincipalSID":"SUB.POSEIDON.YZX-S-1-5-32-544","PrincipalType":"Group","RightName":"WriteOwner","IsInherited":true,"InheritanceHash":"62C26D4FB3FF64505B03CDD35D648DFBC6C157CC"},{"PrincipalSID":"SUB.POSEIDON.YZX-S-1-5-32-544","PrincipalType":"Group","RightName":"GenericWrite","IsInherited":true,"InheritanceHash":"62C26D4FB3FF64505B03CDD35D648DFBC6C157CC"}],"ObjectIdentifier":"SUB.POSEIDON.YZX-S-1-5-32-569","IsDeleted":false,"IsACLProtected":false,"ContainedBy":{"ObjectIdentifier":"S-1-5-21-4168247447-1722543658-2110108262","ObjectType":"Domain"}},{"Properties":{"domain":"SUB.POSEIDON.YZX","name":"EVENT LOG READERS@SUB.POSEIDON.YZX","distinguishedname":"CN=EVENT LOG READERS,CN=BUILTIN,DC=SUB,DC=POSEIDON,DC=YZX","domainsid":"S-1-5-21-4168247447-1722543658-2110108262","samaccountname":"Event Log Readers","isaclprotected":false,"description":"Members of this group can read event logs from local machine","whencreated":1687167877,"admincount":false},"Members":[],"Aces":[{"PrincipalSID":"SUB.POSEIDON.YZX-S-1-5-32-544","PrincipalType":"Group","RightName":"Owns","IsInherited":false,"InheritanceHash":""},{"PrincipalSID":"SUB.POSEIDON.YZX-S-1-5-32-548","PrincipalType":"Group","RightName":"GenericAll","IsInherited":false,"InheritanceHash":""},{"PrincipalSID":"S-1-5-21-4168247447-1722543658-2110108262-512","PrincipalType":"Group","RightName":"GenericAll","IsInherited":false,"InheritanceHash":""},{"PrincipalSID":"S-1-5-21-1190331060-1711709193-932631991-519","PrincipalType":"Base","RightName":"GenericAll","IsInherited":true,"InheritanceHash":"F9C4B7E61051D8572B3733F64B5E5BC4F2CE4939"},{"PrincipalSID":"SUB.POSEIDON.YZX-S-1-5-32-544","PrincipalType":"Group","RightName":"WriteDacl","IsInherited":true,"InheritanceHash":"62C26D4FB3FF64505B03CDD35D648DFBC6C157CC"},{"PrincipalSID":"SUB.POSEIDON.YZX-S-1-5-32-544","PrincipalType":"Group","RightName":"WriteOwner","IsInherited":true,"InheritanceHash":"62C26D4FB3FF64505B03CDD35D648DFBC6C157CC"},{"PrincipalSID":"SUB.POSEIDON.YZX-S-1-5-32-544","PrincipalType":"Group","RightName":"GenericWrite","IsInherited":true,"InheritanceHash":"62C26D4FB3FF64505B03CDD35D648DFBC6C157CC"}],"ObjectIdentifier":"SUB.POSEIDON.YZX-S-1-5-32-573","IsDeleted":false,"IsACLProtected":false,"ContainedBy":{"ObjectIdentifier":"S-1-5-21-4168247447-1722543658-2110108262","ObjectType":"Domain"}},{"Properties":{"domain":"SUB.POSEIDON.YZX","name":"CERTIFICATE SERVICE DCOM ACCESS@SUB.POSEIDON.YZX","distinguishedname":"CN=CERTIFICATE SERVICE DCOM ACCESS,CN=BUILTIN,DC=SUB,DC=POSEIDON,DC=YZX","domainsid":"S-1-5-21-4168247447-1722543658-2110108262","samaccountname":"Certificate Service DCOM Access","isaclprotected":false,"description":"Members of this group are allowed to connect to Certification Authorities in the enterprise","whencreated":1687167877,"admincount":false},"Members":[],"Aces":[{"PrincipalSID":"SUB.POSEIDON.YZX-S-1-5-32-544","PrincipalType":"Group","RightName":"Owns","IsInherited":false,"InheritanceHash":""},{"PrincipalSID":"SUB.POSEIDON.YZX-S-1-5-32-548","PrincipalType":"Group","RightName":"GenericAll","IsInherited":false,"InheritanceHash":""},{"PrincipalSID":"S-1-5-21-4168247447-1722543658-2110108262-512","PrincipalType":"Group","RightName":"GenericAll","IsInherited":false,"InheritanceHash":""},{"PrincipalSID":"S-1-5-21-1190331060-1711709193-932631991-519","PrincipalType":"Base","RightName":"GenericAll","IsInherited":true,"InheritanceHash":"F9C4B7E61051D8572B3733F64B5E5BC4F2CE4939"},{"PrincipalSID":"SUB.POSEIDON.YZX-S-1-5-32-544","PrincipalType":"Group","RightName":"WriteDacl","IsInherited":true,"InheritanceHash":"62C26D4FB3FF64505B03CDD35D648DFBC6C157CC"},{"PrincipalSID":"SUB.POSEIDON.YZX-S-1-5-32-544","PrincipalType":"Group","RightName":"WriteOwner","IsInherited":true,"InheritanceHash":"62C26D4FB3FF64505B03CDD35D648DFBC6C157CC"},{"PrincipalSID":"SUB.POSEIDON.YZX-S-1-5-32-544","PrincipalType":"Group","RightName":"GenericWrite","IsInherited":true,"InheritanceHash":"62C26D4FB3FF64505B03CDD35D648DFBC6C157CC"}],"ObjectIdentifier":"SUB.POSEIDON.YZX-S-1-5-32-574","IsDeleted":false,"IsACLProtected":false,"ContainedBy":{"ObjectIdentifier":"S-1-5-21-4168247447-1722543658-2110108262","ObjectType":"Domain"}},{"Properties":{"domain":"SUB.POSEIDON.YZX","name":"RDS REMOTE ACCESS SERVERS@SUB.POSEIDON.YZX","distinguishedname":"CN=RDS REMOTE ACCESS SERVERS,CN=BUILTIN,DC=SUB,DC=POSEIDON,DC=YZX","domainsid":"S-1-5-21-4168247447-1722543658-2110108262","samaccountname":"RDS Remote Access Servers","isaclprotected":false,"description":"Servers in this group enable users of RemoteApp programs and personal virtual desktops access to these resources. In Internet-facing deployments, these servers are typically deployed in an edge network. This group needs to be populated on servers running RD Connection Broker. RD Gateway servers and RD Web Access servers used in the deployment need to be in this group.","whencreated":1687167877,"admincount":false},"Members":[],"Aces":[{"PrincipalSID":"SUB.POSEIDON.YZX-S-1-5-32-544","PrincipalType":"Group","RightName":"Owns","IsInherited":false,"InheritanceHash":""},{"PrincipalSID":"SUB.POSEIDON.YZX-S-1-5-32-548","PrincipalType":"Group","RightName":"GenericAll","IsInherited":false,"InheritanceHash":""},{"PrincipalSID":"S-1-5-21-4168247447-1722543658-2110108262-512","PrincipalType":"Group","RightName":"GenericAll","IsInherited":false,"InheritanceHash":""},{"PrincipalSID":"S-1-5-21-1190331060-1711709193-932631991-519","PrincipalType":"Base","RightName":"GenericAll","IsInherited":true,"InheritanceHash":"F9C4B7E61051D8572B3733F64B5E5BC4F2CE4939"},{"PrincipalSID":"SUB.POSEIDON.YZX-S-1-5-32-544","PrincipalType":"Group","RightName":"WriteDacl","IsInherited":true,"InheritanceHash":"62C26D4FB3FF64505B03CDD35D648DFBC6C157CC"},{"PrincipalSID":"SUB.POSEIDON.YZX-S-1-5-32-544","PrincipalType":"Group","RightName":"WriteOwner","IsInherited":true,"InheritanceHash":"62C26D4FB3FF64505B03CDD35D648DFBC6C157CC"},{"PrincipalSID":"SUB.POSEIDON.YZX-S-1-5-32-544","PrincipalType":"Group","RightName":"GenericWrite","IsInherited":true,"InheritanceHash":"62C26D4FB3FF64505B03CDD35D648DFBC6C157CC"}],"ObjectIdentifier":"SUB.POSEIDON.YZX-S-1-5-32-575","IsDeleted":false,"IsACLProtected":false,"ContainedBy":{"ObjectIdentifier":"S-1-5-21-4168247447-1722543658-2110108262","ObjectType":"Domain"}},{"Properties":{"domain":"SUB.POSEIDON.YZX","name":"RDS ENDPOINT SERVERS@SUB.POSEIDON.YZX","distinguishedname":"CN=RDS ENDPOINT SERVERS,CN=BUILTIN,DC=SUB,DC=POSEIDON,DC=YZX","domainsid":"S-1-5-21-4168247447-1722543658-2110108262","samaccountname":"RDS Endpoint Servers","isaclprotected":false,"description":"Servers in this group run virtual machines and host sessions where users RemoteApp programs and personal virtual desktops run. This group needs to be populated on servers running RD Connection Broker. RD Session Host servers and RD Virtualization Host servers used in the deployment need to be in this group.","whencreated":1687167877,"admincount":false},"Members":[],"Aces":[{"PrincipalSID":"SUB.POSEIDON.YZX-S-1-5-32-544","PrincipalType":"Group","RightName":"Owns","IsInherited":false,"InheritanceHash":""},{"PrincipalSID":"SUB.POSEIDON.YZX-S-1-5-32-548","PrincipalType":"Group","RightName":"GenericAll","IsInherited":false,"InheritanceHash":""},{"PrincipalSID":"S-1-5-21-4168247447-1722543658-2110108262-512","PrincipalType":"Group","RightName":"GenericAll","IsInherited":false,"InheritanceHash":""},{"PrincipalSID":"S-1-5-21-1190331060-1711709193-932631991-519","PrincipalType":"Base","RightName":"GenericAll","IsInherited":true,"InheritanceHash":"F9C4B7E61051D8572B3733F64B5E5BC4F2CE4939"},{"PrincipalSID":"SUB.POSEIDON.YZX-S-1-5-32-544","PrincipalType":"Group","RightName":"WriteDacl","IsInherited":true,"InheritanceHash":"62C26D4FB3FF64505B03CDD35D648DFBC6C157CC"},{"PrincipalSID":"SUB.POSEIDON.YZX-S-1-5-32-544","PrincipalType":"Group","RightName":"WriteOwner","IsInherited":true,"InheritanceHash":"62C26D4FB3FF64505B03CDD35D648DFBC6C157CC"},{"PrincipalSID":"SUB.POSEIDON.YZX-S-1-5-32-544","PrincipalType":"Group","RightName":"GenericWrite","IsInherited":true,"InheritanceHash":"62C26D4FB3FF64505B03CDD35D648DFBC6C157CC"}],"ObjectIdentifier":"SUB.POSEIDON.YZX-S-1-5-32-576","IsDeleted":false,"IsACLProtected":false,"ContainedBy":{"ObjectIdentifier":"S-1-5-21-4168247447-1722543658-2110108262","ObjectType":"Domain"}},{"Properties":{"domain":"SUB.POSEIDON.YZX","name":"RDS MANAGEMENT SERVERS@SUB.POSEIDON.YZX","distinguishedname":"CN=RDS MANAGEMENT SERVERS,CN=BUILTIN,DC=SUB,DC=POSEIDON,DC=YZX","domainsid":"S-1-5-21-4168247447-1722543658-2110108262","samaccountname":"RDS Management Servers","isaclprotected":false,"description":"Servers in this group can perform routine administrative actions on servers running Remote Desktop Services. This group needs to be populated on all servers in a Remote Desktop Services deployment. The servers running the RDS Central Management service must be included in this group.","whencreated":1687167877,"admincount":false},"Members":[],"Aces":[{"PrincipalSID":"SUB.POSEIDON.YZX-S-1-5-32-544","PrincipalType":"Group","RightName":"Owns","IsInherited":false,"InheritanceHash":""},{"PrincipalSID":"SUB.POSEIDON.YZX-S-1-5-32-548","PrincipalType":"Group","RightName":"GenericAll","IsInherited":false,"InheritanceHash":""},{"PrincipalSID":"S-1-5-21-4168247447-1722543658-2110108262-512","PrincipalType":"Group","RightName":"GenericAll","IsInherited":false,"InheritanceHash":""},{"PrincipalSID":"S-1-5-21-1190331060-1711709193-932631991-519","PrincipalType":"Base","RightName":"GenericAll","IsInherited":true,"InheritanceHash":"F9C4B7E61051D8572B3733F64B5E5BC4F2CE4939"},{"PrincipalSID":"SUB.POSEIDON.YZX-S-1-5-32-544","PrincipalType":"Group","RightName":"WriteDacl","IsInherited":true,"InheritanceHash":"62C26D4FB3FF64505B03CDD35D648DFBC6C157CC"},{"PrincipalSID":"SUB.POSEIDON.YZX-S-1-5-32-544","PrincipalType":"Group","RightName":"WriteOwner","IsInherited":true,"InheritanceHash":"62C26D4FB3FF64505B03CDD35D648DFBC6C157CC"},{"PrincipalSID":"SUB.POSEIDON.YZX-S-1-5-32-544","PrincipalType":"Group","RightName":"GenericWrite","IsInherited":true,"InheritanceHash":"62C26D4FB3FF64505B03CDD35D648DFBC6C157CC"}],"ObjectIdentifier":"SUB.POSEIDON.YZX-S-1-5-32-577","IsDeleted":false,"IsACLProtected":false,"ContainedBy":{"ObjectIdentifier":"S-1-5-21-4168247447-1722543658-2110108262","ObjectType":"Domain"}},{"Properties":{"domain":"SUB.POSEIDON.YZX","name":"HYPER-V ADMINISTRATORS@SUB.POSEIDON.YZX","distinguishedname":"CN=HYPER-V ADMINISTRATORS,CN=BUILTIN,DC=SUB,DC=POSEIDON,DC=YZX","domainsid":"S-1-5-21-4168247447-1722543658-2110108262","samaccountname":"Hyper-V Administrators","isaclprotected":false,"description":"Members of this group have complete and unrestricted access to all features of Hyper-V.","whencreated":1687167877,"admincount":false},"Members":[],"Aces":[{"PrincipalSID":"SUB.POSEIDON.YZX-S-1-5-32-544","PrincipalType":"Group","RightName":"Owns","IsInherited":false,"InheritanceHash":""},{"PrincipalSID":"SUB.POSEIDON.YZX-S-1-5-32-548","PrincipalType":"Group","RightName":"GenericAll","IsInherited":false,"InheritanceHash":""},{"PrincipalSID":"S-1-5-21-4168247447-1722543658-2110108262-512","PrincipalType":"Group","RightName":"GenericAll","IsInherited":false,"InheritanceHash":""},{"PrincipalSID":"S-1-5-21-1190331060-1711709193-932631991-519","PrincipalType":"Base","RightName":"GenericAll","IsInherited":true,"InheritanceHash":"F9C4B7E61051D8572B3733F64B5E5BC4F2CE4939"},{"PrincipalSID":"SUB.POSEIDON.YZX-S-1-5-32-544","PrincipalType":"Group","RightName":"WriteDacl","IsInherited":true,"InheritanceHash":"62C26D4FB3FF64505B03CDD35D648DFBC6C157CC"},{"PrincipalSID":"SUB.POSEIDON.YZX-S-1-5-32-544","PrincipalType":"Group","RightName":"WriteOwner","IsInherited":true,"InheritanceHash":"62C26D4FB3FF64505B03CDD35D648DFBC6C157CC"},{"PrincipalSID":"SUB.POSEIDON.YZX-S-1-5-32-544","PrincipalType":"Group","RightName":"GenericWrite","IsInherited":true,"InheritanceHash":"62C26D4FB3FF64505B03CDD35D648DFBC6C157CC"}],"ObjectIdentifier":"SUB.POSEIDON.YZX-S-1-5-32-578","IsDeleted":false,"IsACLProtected":false,"ContainedBy":{"ObjectIdentifier":"S-1-5-21-4168247447-1722543658-2110108262","ObjectType":"Domain"}},{"Properties":{"domain":"SUB.POSEIDON.YZX","name":"ACCESS CONTROL ASSISTANCE OPERATORS@SUB.POSEIDON.YZX","distinguishedname":"CN=ACCESS CONTROL ASSISTANCE OPERATORS,CN=BUILTIN,DC=SUB,DC=POSEIDON,DC=YZX","domainsid":"S-1-5-21-4168247447-1722543658-2110108262","samaccountname":"Access Control Assistance Operators","isaclprotected":false,"description":"Members of this group can remotely query authorization attributes and permissions for resources on this computer.","whencreated":1687167877,"admincount":false},"Members":[],"Aces":[{"PrincipalSID":"SUB.POSEIDON.YZX-S-1-5-32-544","PrincipalType":"Group","RightName":"Owns","IsInherited":false,"InheritanceHash":""},{"PrincipalSID":"SUB.POSEIDON.YZX-S-1-5-32-548","PrincipalType":"Group","RightName":"GenericAll","IsInherited":false,"InheritanceHash":""},{"PrincipalSID":"S-1-5-21-4168247447-1722543658-2110108262-512","PrincipalType":"Group","RightName":"GenericAll","IsInherited":false,"InheritanceHash":""},{"PrincipalSID":"S-1-5-21-1190331060-1711709193-932631991-519","PrincipalType":"Base","RightName":"GenericAll","IsInherited":true,"InheritanceHash":"F9C4B7E61051D8572B3733F64B5E5BC4F2CE4939"},{"PrincipalSID":"SUB.POSEIDON.YZX-S-1-5-32-544","PrincipalType":"Group","RightName":"WriteDacl","IsInherited":true,"InheritanceHash":"62C26D4FB3FF64505B03CDD35D648DFBC6C157CC"},{"PrincipalSID":"SUB.POSEIDON.YZX-S-1-5-32-544","PrincipalType":"Group","RightName":"WriteOwner","IsInherited":true,"InheritanceHash":"62C26D4FB3FF64505B03CDD35D648DFBC6C157CC"},{"PrincipalSID":"SUB.POSEIDON.YZX-S-1-5-32-544","PrincipalType":"Group","RightName":"GenericWrite","IsInherited":true,"InheritanceHash":"62C26D4FB3FF64505B03CDD35D648DFBC6C157CC"}],"ObjectIdentifier":"SUB.POSEIDON.YZX-S-1-5-32-579","IsDeleted":false,"IsACLProtected":false,"ContainedBy":{"ObjectIdentifier":"S-1-5-21-4168247447-1722543658-2110108262","ObjectType":"Domain"}},{"Properties":{"domain":"SUB.POSEIDON.YZX","name":"REMOTE MANAGEMENT USERS@SUB.POSEIDON.YZX","distinguishedname":"CN=REMOTE MANAGEMENT USERS,CN=BUILTIN,DC=SUB,DC=POSEIDON,DC=YZX","domainsid":"S-1-5-21-4168247447-1722543658-2110108262","samaccountname":"Remote Management Users","isaclprotected":false,"description":"Members of this group can access WMI resources over management protocols (such as WS-Management via the Windows Remote Management service). This applies only to WMI namespaces that grant access to the user.","whencreated":1687167877,"admincount":false},"Members":[{"ObjectIdentifier":"S-1-5-21-4168247447-1722543658-2110108262-1105","ObjectType":"User"},{"ObjectIdentifier":"S-1-5-21-4168247447-1722543658-2110108262-500","ObjectType":"User"}],"Aces":[{"PrincipalSID":"SUB.POSEIDON.YZX-S-1-5-32-544","PrincipalType":"Group","RightName":"Owns","IsInherited":false,"InheritanceHash":""},{"PrincipalSID":"SUB.POSEIDON.YZX-S-1-5-32-548","PrincipalType":"Group","RightName":"GenericAll","IsInherited":false,"InheritanceHash":""},{"PrincipalSID":"S-1-5-21-4168247447-1722543658-2110108262-512","PrincipalType":"Group","RightName":"GenericAll","IsInherited":false,"InheritanceHash":""},{"PrincipalSID":"S-1-5-21-1190331060-1711709193-932631991-519","PrincipalType":"Base","RightName":"GenericAll","IsInherited":true,"InheritanceHash":"F9C4B7E61051D8572B3733F64B5E5BC4F2CE4939"},{"PrincipalSID":"SUB.POSEIDON.YZX-S-1-5-32-544","PrincipalType":"Group","RightName":"WriteDacl","IsInherited":true,"InheritanceHash":"62C26D4FB3FF64505B03CDD35D648DFBC6C157CC"},{"PrincipalSID":"SUB.POSEIDON.YZX-S-1-5-32-544","PrincipalType":"Group","RightName":"WriteOwner","IsInherited":true,"InheritanceHash":"62C26D4FB3FF64505B03CDD35D648DFBC6C157CC"},{"PrincipalSID":"SUB.POSEIDON.YZX-S-1-5-32-544","PrincipalType":"Group","RightName":"GenericWrite","IsInherited":true,"InheritanceHash":"62C26D4FB3FF64505B03CDD35D648DFBC6C157CC"}],"ObjectIdentifier":"SUB.POSEIDON.YZX-S-1-5-32-580","IsDeleted":false,"IsACLProtected":false,"ContainedBy":{"ObjectIdentifier":"S-1-5-21-4168247447-1722543658-2110108262","ObjectType":"Domain"}},{"Properties":{"domain":"SUB.POSEIDON.YZX","name":"SYSTEM MANAGED ACCOUNTS GROUP@SUB.POSEIDON.YZX","distinguishedname":"CN=SYSTEM MANAGED ACCOUNTS GROUP,CN=BUILTIN,DC=SUB,DC=POSEIDON,DC=YZX","domainsid":"S-1-5-21-4168247447-1722543658-2110108262","samaccountname":"System Managed Accounts Group","isaclprotected":false,"description":"Members of this group are managed by the system.","whencreated":1687167877,"admincount":false},"Members":[{"ObjectIdentifier":"S-1-5-21-4168247447-1722543658-2110108262-503","ObjectType":"User"}],"Aces":[{"PrincipalSID":"SUB.POSEIDON.YZX-S-1-5-32-544","PrincipalType":"Group","RightName":"Owns","IsInherited":false,"InheritanceHash":""},{"PrincipalSID":"SUB.POSEIDON.YZX-S-1-5-32-548","PrincipalType":"Group","RightName":"GenericAll","IsInherited":false,"InheritanceHash":""},{"PrincipalSID":"S-1-5-21-4168247447-1722543658-2110108262-512","PrincipalType":"Group","RightName":"GenericAll","IsInherited":false,"InheritanceHash":""},{"PrincipalSID":"S-1-5-21-1190331060-1711709193-932631991-519","PrincipalType":"Base","RightName":"GenericAll","IsInherited":true,"InheritanceHash":"F9C4B7E61051D8572B3733F64B5E5BC4F2CE4939"},{"PrincipalSID":"SUB.POSEIDON.YZX-S-1-5-32-544","PrincipalType":"Group","RightName":"WriteDacl","IsInherited":true,"InheritanceHash":"62C26D4FB3FF64505B03CDD35D648DFBC6C157CC"},{"PrincipalSID":"SUB.POSEIDON.YZX-S-1-5-32-544","PrincipalType":"Group","RightName":"WriteOwner","IsInherited":true,"InheritanceHash":"62C26D4FB3FF64505B03CDD35D648DFBC6C157CC"},{"PrincipalSID":"SUB.POSEIDON.YZX-S-1-5-32-544","PrincipalType":"Group","RightName":"GenericWrite","IsInherited":true,"InheritanceHash":"62C26D4FB3FF64505B03CDD35D648DFBC6C157CC"}],"ObjectIdentifier":"SUB.POSEIDON.YZX-S-1-5-32-581","IsDeleted":false,"IsACLProtected":false,"ContainedBy":{"ObjectIdentifier":"S-1-5-21-4168247447-1722543658-2110108262","ObjectType":"Domain"}},{"Properties":{"domain":"SUB.POSEIDON.YZX","name":"STORAGE REPLICA ADMINISTRATORS@SUB.POSEIDON.YZX","distinguishedname":"CN=STORAGE REPLICA ADMINISTRATORS,CN=BUILTIN,DC=SUB,DC=POSEIDON,DC=YZX","domainsid":"S-1-5-21-4168247447-1722543658-2110108262","samaccountname":"Storage Replica Administrators","isaclprotected":false,"description":"Members of this group have complete and unrestricted access to all features of Storage Replica.","whencreated":1687167877,"admincount":false},"Members":[],"Aces":[{"PrincipalSID":"SUB.POSEIDON.YZX-S-1-5-32-544","PrincipalType":"Group","RightName":"Owns","IsInherited":false,"InheritanceHash":""},{"PrincipalSID":"SUB.POSEIDON.YZX-S-1-5-32-548","PrincipalType":"Group","RightName":"GenericAll","IsInherited":false,"InheritanceHash":""},{"PrincipalSID":"S-1-5-21-4168247447-1722543658-2110108262-512","PrincipalType":"Group","RightName":"GenericAll","IsInherited":false,"InheritanceHash":""},{"PrincipalSID":"S-1-5-21-1190331060-1711709193-932631991-519","PrincipalType":"Base","RightName":"GenericAll","IsInherited":true,"InheritanceHash":"F9C4B7E61051D8572B3733F64B5E5BC4F2CE4939"},{"PrincipalSID":"SUB.POSEIDON.YZX-S-1-5-32-544","PrincipalType":"Group","RightName":"WriteDacl","IsInherited":true,"InheritanceHash":"62C26D4FB3FF64505B03CDD35D648DFBC6C157CC"},{"PrincipalSID":"SUB.POSEIDON.YZX-S-1-5-32-544","PrincipalType":"Group","RightName":"WriteOwner","IsInherited":true,"InheritanceHash":"62C26D4FB3FF64505B03CDD35D648DFBC6C157CC"},{"PrincipalSID":"SUB.POSEIDON.YZX-S-1-5-32-544","PrincipalType":"Group","RightName":"GenericWrite","IsInherited":true,"InheritanceHash":"62C26D4FB3FF64505B03CDD35D648DFBC6C157CC"}],"ObjectIdentifier":"SUB.POSEIDON.YZX-S-1-5-32-582","IsDeleted":false,"IsACLProtected":false,"ContainedBy":{"ObjectIdentifier":"S-1-5-21-4168247447-1722543658-2110108262","ObjectType":"Domain"}},{"Properties":{"domain":"SUB.POSEIDON.YZX","name":"CERT PUBLISHERS@SUB.POSEIDON.YZX","distinguishedname":"CN=CERT PUBLISHERS,CN=USERS,DC=SUB,DC=POSEIDON,DC=YZX","domainsid":"S-1-5-21-4168247447-1722543658-2110108262","samaccountname":"Cert Publishers","isaclprotected":false,"description":"Members of this group are permitted to publish certificates to the directory","whencreated":1687167928,"admincount":false},"Members":[],"Aces":[{"PrincipalSID":"S-1-5-21-4168247447-1722543658-2110108262-512","PrincipalType":"Group","RightName":"Owns","IsInherited":false,"InheritanceHash":""},{"PrincipalSID":"SUB.POSEIDON.YZX-S-1-5-32-548","PrincipalType":"Group","RightName":"GenericAll","IsInherited":false,"InheritanceHash":""},{"PrincipalSID":"S-1-5-21-4168247447-1722543658-2110108262-512","PrincipalType":"Group","RightName":"GenericAll","IsInherited":false,"InheritanceHash":""},{"PrincipalSID":"S-1-5-21-1190331060-1711709193-932631991-519","PrincipalType":"Base","RightName":"GenericAll","IsInherited":true,"InheritanceHash":"F9C4B7E61051D8572B3733F64B5E5BC4F2CE4939"},{"PrincipalSID":"SUB.POSEIDON.YZX-S-1-5-32-544","PrincipalType":"Group","RightName":"WriteDacl","IsInherited":true,"InheritanceHash":"62C26D4FB3FF64505B03CDD35D648DFBC6C157CC"},{"PrincipalSID":"SUB.POSEIDON.YZX-S-1-5-32-544","PrincipalType":"Group","RightName":"WriteOwner","IsInherited":true,"InheritanceHash":"62C26D4FB3FF64505B03CDD35D648DFBC6C157CC"},{"PrincipalSID":"SUB.POSEIDON.YZX-S-1-5-32-544","PrincipalType":"Group","RightName":"GenericWrite","IsInherited":true,"InheritanceHash":"62C26D4FB3FF64505B03CDD35D648DFBC6C157CC"}],"ObjectIdentifier":"S-1-5-21-4168247447-1722543658-2110108262-517","IsDeleted":false,"IsACLProtected":false,"ContainedBy":{"ObjectIdentifier":"A4DDB738-6284-436C-B0F8-09DEF3E2FD01","ObjectType":"Container"}},{"Properties":{"domain":"SUB.POSEIDON.YZX","name":"RAS AND IAS SERVERS@SUB.POSEIDON.YZX","distinguishedname":"CN=RAS AND IAS SERVERS,CN=USERS,DC=SUB,DC=POSEIDON,DC=YZX","domainsid":"S-1-5-21-4168247447-1722543658-2110108262","samaccountname":"RAS and IAS Servers","isaclprotected":false,"description":"Servers in this group can access remote access properties of users","whencreated":1687167928,"admincount":false},"Members":[],"Aces":[{"PrincipalSID":"S-1-5-21-4168247447-1722543658-2110108262-512","PrincipalType":"Group","RightName":"Owns","IsInherited":false,"InheritanceHash":""},{"PrincipalSID":"SUB.POSEIDON.YZX-S-1-5-32-548","PrincipalType":"Group","RightName":"GenericAll","IsInherited":false,"InheritanceHash":""},{"PrincipalSID":"S-1-5-21-4168247447-1722543658-2110108262-512","PrincipalType":"Group","RightName":"GenericAll","IsInherited":false,"InheritanceHash":""},{"PrincipalSID":"S-1-5-21-1190331060-1711709193-932631991-519","PrincipalType":"Base","RightName":"GenericAll","IsInherited":true,"InheritanceHash":"F9C4B7E61051D8572B3733F64B5E5BC4F2CE4939"},{"PrincipalSID":"SUB.POSEIDON.YZX-S-1-5-32-544","PrincipalType":"Group","RightName":"WriteDacl","IsInherited":true,"InheritanceHash":"62C26D4FB3FF64505B03CDD35D648DFBC6C157CC"},{"PrincipalSID":"SUB.POSEIDON.YZX-S-1-5-32-544","PrincipalType":"Group","RightName":"WriteOwner","IsInherited":true,"InheritanceHash":"62C26D4FB3FF64505B03CDD35D648DFBC6C157CC"},{"PrincipalSID":"SUB.POSEIDON.YZX-S-1-5-32-544","PrincipalType":"Group","RightName":"GenericWrite","IsInherited":true,"InheritanceHash":"62C26D4FB3FF64505B03CDD35D648DFBC6C157CC"}],"ObjectIdentifier":"S-1-5-21-4168247447-1722543658-2110108262-553","IsDeleted":false,"IsACLProtected":false,"ContainedBy":{"ObjectIdentifier":"A4DDB738-6284-436C-B0F8-09DEF3E2FD01","ObjectType":"Container"}},{"Properties":{"domain":"SUB.POSEIDON.YZX","name":"SERVER OPERATORS@SUB.POSEIDON.YZX","distinguishedname":"CN=SERVER OPERATORS,CN=BUILTIN,DC=SUB,DC=POSEIDON,DC=YZX","domainsid":"S-1-5-21-4168247447-1722543658-2110108262","samaccountname":"Server Operators","isaclprotected":true,"description":"Members can administer domain servers","whencreated":1687167928,"admincount":true},"Members":[],"Aces":[{"PrincipalSID":"S-1-5-21-4168247447-1722543658-2110108262-512","PrincipalType":"Group","RightName":"Owns","IsInherited":false,"InheritanceHash":""},{"PrincipalSID":"SUB.POSEIDON.YZX-S-1-5-32-544","PrincipalType":"Group","RightName":"WriteDacl","IsInherited":false,"InheritanceHash":""},{"PrincipalSID":"SUB.POSEIDON.YZX-S-1-5-32-544","PrincipalType":"Group","RightName":"WriteOwner","IsInherited":false,"InheritanceHash":""},{"PrincipalSID":"SUB.POSEIDON.YZX-S-1-5-32-544","PrincipalType":"Group","RightName":"GenericWrite","IsInherited":false,"InheritanceHash":""},{"PrincipalSID":"S-1-5-21-4168247447-1722543658-2110108262-512","PrincipalType":"Group","RightName":"WriteDacl","IsInherited":false,"InheritanceHash":""},{"PrincipalSID":"S-1-5-21-4168247447-1722543658-2110108262-512","PrincipalType":"Group","RightName":"WriteOwner","IsInherited":false,"InheritanceHash":""},{"PrincipalSID":"S-1-5-21-4168247447-1722543658-2110108262-512","PrincipalType":"Group","RightName":"GenericWrite","IsInherited":false,"InheritanceHash":""},{"PrincipalSID":"S-1-5-21-1190331060-1711709193-932631991-519","PrincipalType":"Base","RightName":"WriteDacl","IsInherited":false,"InheritanceHash":""},{"PrincipalSID":"S-1-5-21-1190331060-1711709193-932631991-519","PrincipalType":"Base","RightName":"WriteOwner","IsInherited":false,"InheritanceHash":""},{"PrincipalSID":"S-1-5-21-1190331060-1711709193-932631991-519","PrincipalType":"Base","RightName":"GenericWrite","IsInherited":false,"InheritanceHash":""}],"ObjectIdentifier":"SUB.POSEIDON.YZX-S-1-5-32-549","IsDeleted":false,"IsACLProtected":true,"ContainedBy":{"ObjectIdentifier":"S-1-5-21-4168247447-1722543658-2110108262","ObjectType":"Domain"}},{"Properties":{"domain":"SUB.POSEIDON.YZX","name":"ACCOUNT OPERATORS@SUB.POSEIDON.YZX","distinguishedname":"CN=ACCOUNT OPERATORS,CN=BUILTIN,DC=SUB,DC=POSEIDON,DC=YZX","domainsid":"S-1-5-21-4168247447-1722543658-2110108262","samaccountname":"Account Operators","isaclprotected":true,"description":"Members can administer domain user and group accounts","whencreated":1687167928,"admincount":true},"Members":[],"Aces":[{"PrincipalSID":"S-1-5-21-4168247447-1722543658-2110108262-512","PrincipalType":"Group","RightName":"Owns","IsInherited":false,"InheritanceHash":""},{"PrincipalSID":"SUB.POSEIDON.YZX-S-1-5-32-544","PrincipalType":"Group","RightName":"WriteDacl","IsInherited":false,"InheritanceHash":""},{"PrincipalSID":"SUB.POSEIDON.YZX-S-1-5-32-544","PrincipalType":"Group","RightName":"WriteOwner","IsInherited":false,"InheritanceHash":""},{"PrincipalSID":"SUB.POSEIDON.YZX-S-1-5-32-544","PrincipalType":"Group","RightName":"GenericWrite","IsInherited":false,"InheritanceHash":""},{"PrincipalSID":"S-1-5-21-4168247447-1722543658-2110108262-512","PrincipalType":"Group","RightName":"WriteDacl","IsInherited":false,"InheritanceHash":""},{"PrincipalSID":"S-1-5-21-4168247447-1722543658-2110108262-512","PrincipalType":"Group","RightName":"WriteOwner","IsInherited":false,"InheritanceHash":""},{"PrincipalSID":"S-1-5-21-4168247447-1722543658-2110108262-512","PrincipalType":"Group","RightName":"GenericWrite","IsInherited":false,"InheritanceHash":""},{"PrincipalSID":"S-1-5-21-1190331060-1711709193-932631991-519","PrincipalType":"Base","RightName":"WriteDacl","IsInherited":false,"InheritanceHash":""},{"PrincipalSID":"S-1-5-21-1190331060-1711709193-932631991-519","PrincipalType":"Base","RightName":"WriteOwner","IsInherited":false,"InheritanceHash":""},{"PrincipalSID":"S-1-5-21-1190331060-1711709193-932631991-519","PrincipalType":"Base","RightName":"GenericWrite","IsInherited":false,"InheritanceHash":""}],"ObjectIdentifier":"SUB.POSEIDON.YZX-S-1-5-32-548","IsDeleted":false,"IsACLProtected":true,"ContainedBy":{"ObjectIdentifier":"S-1-5-21-4168247447-1722543658-2110108262","ObjectType":"Domain"}},{"Properties":{"domain":"SUB.POSEIDON.YZX","name":"PRE-WINDOWS 2000 COMPATIBLE ACCESS@SUB.POSEIDON.YZX","distinguishedname":"CN=PRE-WINDOWS 2000 COMPATIBLE ACCESS,CN=BUILTIN,DC=SUB,DC=POSEIDON,DC=YZX","domainsid":"S-1-5-21-4168247447-1722543658-2110108262","samaccountname":"Pre-Windows 2000 Compatible Access","isaclprotected":false,"description":"A backward compatibility group which allows read access on all users and groups in the domain","whencreated":1687167928,"admincount":false},"Members":[{"ObjectIdentifier":"SUB.POSEIDON.YZX-S-1-5-11","ObjectType":"Group"}],"Aces":[{"PrincipalSID":"S-1-5-21-4168247447-1722543658-2110108262-512","PrincipalType":"Group","RightName":"Owns","IsInherited":false,"InheritanceHash":""},{"PrincipalSID":"SUB.POSEIDON.YZX-S-1-5-32-548","PrincipalType":"Group","RightName":"GenericAll","IsInherited":false,"InheritanceHash":""},{"PrincipalSID":"S-1-5-21-4168247447-1722543658-2110108262-512","PrincipalType":"Group","RightName":"GenericAll","IsInherited":false,"InheritanceHash":""},{"PrincipalSID":"S-1-5-21-1190331060-1711709193-932631991-519","PrincipalType":"Base","RightName":"GenericAll","IsInherited":true,"InheritanceHash":"F9C4B7E61051D8572B3733F64B5E5BC4F2CE4939"},{"PrincipalSID":"SUB.POSEIDON.YZX-S-1-5-32-544","PrincipalType":"Group","RightName":"WriteDacl","IsInherited":true,"InheritanceHash":"62C26D4FB3FF64505B03CDD35D648DFBC6C157CC"},{"PrincipalSID":"SUB.POSEIDON.YZX-S-1-5-32-544","PrincipalType":"Group","RightName":"WriteOwner","IsInherited":true,"InheritanceHash":"62C26D4FB3FF64505B03CDD35D648DFBC6C157CC"},{"PrincipalSID":"SUB.POSEIDON.YZX-S-1-5-32-544","PrincipalType":"Group","RightName":"GenericWrite","IsInherited":true,"InheritanceHash":"62C26D4FB3FF64505B03CDD35D648DFBC6C157CC"}],"ObjectIdentifier":"SUB.POSEIDON.YZX-S-1-5-32-554","IsDeleted":false,"IsACLProtected":false,"ContainedBy":{"ObjectIdentifier":"S-1-5-21-4168247447-1722543658-2110108262","ObjectType":"Domain"}},{"Properties":{"domain":"SUB.POSEIDON.YZX","name":"TERMINAL SERVER LICENSE SERVERS@SUB.POSEIDON.YZX","distinguishedname":"CN=TERMINAL SERVER LICENSE SERVERS,CN=BUILTIN,DC=SUB,DC=POSEIDON,DC=YZX","domainsid":"S-1-5-21-4168247447-1722543658-2110108262","samaccountname":"Terminal Server License Servers","isaclprotected":false,"description":"Members of this group can update user accounts in Active Directory with information about license issuance, for the purpose of tracking and reporting TS Per User CAL usage","whencreated":1687167928,"admincount":false},"Members":[],"Aces":[{"PrincipalSID":"S-1-5-21-4168247447-1722543658-2110108262-512","PrincipalType":"Group","RightName":"Owns","IsInherited":false,"InheritanceHash":""},{"PrincipalSID":"SUB.POSEIDON.YZX-S-1-5-32-548","PrincipalType":"Group","RightName":"GenericAll","IsInherited":false,"InheritanceHash":""},{"PrincipalSID":"S-1-5-21-4168247447-1722543658-2110108262-512","PrincipalType":"Group","RightName":"GenericAll","IsInherited":false,"InheritanceHash":""},{"PrincipalSID":"S-1-5-21-1190331060-1711709193-932631991-519","PrincipalType":"Base","RightName":"GenericAll","IsInherited":true,"InheritanceHash":"F9C4B7E61051D8572B3733F64B5E5BC4F2CE4939"},{"PrincipalSID":"SUB.POSEIDON.YZX-S-1-5-32-544","PrincipalType":"Group","RightName":"WriteDacl","IsInherited":true,"InheritanceHash":"62C26D4FB3FF64505B03CDD35D648DFBC6C157CC"},{"PrincipalSID":"SUB.POSEIDON.YZX-S-1-5-32-544","PrincipalType":"Group","RightName":"WriteOwner","IsInherited":true,"InheritanceHash":"62C26D4FB3FF64505B03CDD35D648DFBC6C157CC"},{"PrincipalSID":"SUB.POSEIDON.YZX-S-1-5-32-544","PrincipalType":"Group","RightName":"GenericWrite","IsInherited":true,"InheritanceHash":"62C26D4FB3FF64505B03CDD35D648DFBC6C157CC"}],"ObjectIdentifier":"SUB.POSEIDON.YZX-S-1-5-32-561","IsDeleted":false,"IsACLProtected":false,"ContainedBy":{"ObjectIdentifier":"S-1-5-21-4168247447-1722543658-2110108262","ObjectType":"Domain"}},{"Properties":{"domain":"SUB.POSEIDON.YZX","name":"ALLOWED RODC PASSWORD REPLICATION GROUP@SUB.POSEIDON.YZX","distinguishedname":"CN=ALLOWED RODC PASSWORD REPLICATION GROUP,CN=USERS,DC=SUB,DC=POSEIDON,DC=YZX","domainsid":"S-1-5-21-4168247447-1722543658-2110108262","samaccountname":"Allowed RODC Password Replication Group","isaclprotected":false,"description":"Members in this group can have their passwords replicated to all read-only domain controllers in the domain","whencreated":1687167928,"admincount":false},"Members":[],"Aces":[{"PrincipalSID":"S-1-5-21-4168247447-1722543658-2110108262-512","PrincipalType":"Group","RightName":"Owns","IsInherited":false,"InheritanceHash":""},{"PrincipalSID":"SUB.POSEIDON.YZX-S-1-5-32-548","PrincipalType":"Group","RightName":"GenericAll","IsInherited":false,"InheritanceHash":""},{"PrincipalSID":"S-1-5-21-4168247447-1722543658-2110108262-512","PrincipalType":"Group","RightName":"GenericAll","IsInherited":false,"InheritanceHash":""},{"PrincipalSID":"S-1-5-21-1190331060-1711709193-932631991-519","PrincipalType":"Base","RightName":"GenericAll","IsInherited":true,"InheritanceHash":"F9C4B7E61051D8572B3733F64B5E5BC4F2CE4939"},{"PrincipalSID":"SUB.POSEIDON.YZX-S-1-5-32-544","PrincipalType":"Group","RightName":"WriteDacl","IsInherited":true,"InheritanceHash":"62C26D4FB3FF64505B03CDD35D648DFBC6C157CC"},{"PrincipalSID":"SUB.POSEIDON.YZX-S-1-5-32-544","PrincipalType":"Group","RightName":"WriteOwner","IsInherited":true,"InheritanceHash":"62C26D4FB3FF64505B03CDD35D648DFBC6C157CC"},{"PrincipalSID":"SUB.POSEIDON.YZX-S-1-5-32-544","PrincipalType":"Group","RightName":"GenericWrite","IsInherited":true,"InheritanceHash":"62C26D4FB3FF64505B03CDD35D648DFBC6C157CC"}],"ObjectIdentifier":"S-1-5-21-4168247447-1722543658-2110108262-571","IsDeleted":false,"IsACLProtected":false,"ContainedBy":{"ObjectIdentifier":"A4DDB738-6284-436C-B0F8-09DEF3E2FD01","ObjectType":"Container"}},{"Properties":{"domain":"SUB.POSEIDON.YZX","name":"WINDOWS AUTHORIZATION ACCESS GROUP@SUB.POSEIDON.YZX","distinguishedname":"CN=WINDOWS AUTHORIZATION ACCESS GROUP,CN=BUILTIN,DC=SUB,DC=POSEIDON,DC=YZX","domainsid":"S-1-5-21-4168247447-1722543658-2110108262","samaccountname":"Windows Authorization Access Group","isaclprotected":false,"description":"Members of this group have access to the computed tokenGroupsGlobalAndUniversal attribute on User objects","whencreated":1687167928,"admincount":false},"Members":[{"ObjectIdentifier":"POSEIDON.YZX-S-1-5-9","ObjectType":"Group"}],"Aces":[{"PrincipalSID":"S-1-5-21-4168247447-1722543658-2110108262-512","PrincipalType":"Group","RightName":"Owns","IsInherited":false,"InheritanceHash":""},{"PrincipalSID":"SUB.POSEIDON.YZX-S-1-5-32-548","PrincipalType":"Group","RightName":"GenericAll","IsInherited":false,"InheritanceHash":""},{"PrincipalSID":"S-1-5-21-4168247447-1722543658-2110108262-512","PrincipalType":"Group","RightName":"GenericAll","IsInherited":false,"InheritanceHash":""},{"PrincipalSID":"S-1-5-21-1190331060-1711709193-932631991-519","PrincipalType":"Base","RightName":"GenericAll","IsInherited":true,"InheritanceHash":"F9C4B7E61051D8572B3733F64B5E5BC4F2CE4939"},{"PrincipalSID":"SUB.POSEIDON.YZX-S-1-5-32-544","PrincipalType":"Group","RightName":"WriteDacl","IsInherited":true,"InheritanceHash":"62C26D4FB3FF64505B03CDD35D648DFBC6C157CC"},{"PrincipalSID":"SUB.POSEIDON.YZX-S-1-5-32-544","PrincipalType":"Group","RightName":"WriteOwner","IsInherited":true,"InheritanceHash":"62C26D4FB3FF64505B03CDD35D648DFBC6C157CC"},{"PrincipalSID":"SUB.POSEIDON.YZX-S-1-5-32-544","PrincipalType":"Group","RightName":"GenericWrite","IsInherited":true,"InheritanceHash":"62C26D4FB3FF64505B03CDD35D648DFBC6C157CC"}],"ObjectIdentifier":"SUB.POSEIDON.YZX-S-1-5-32-560","IsDeleted":false,"IsACLProtected":false,"ContainedBy":{"ObjectIdentifier":"S-1-5-21-4168247447-1722543658-2110108262","ObjectType":"Domain"}},{"Properties":{"domain":"SUB.POSEIDON.YZX","name":"DNSADMINS@SUB.POSEIDON.YZX","distinguishedname":"CN=DNSADMINS,CN=USERS,DC=SUB,DC=POSEIDON,DC=YZX","domainsid":"S-1-5-21-4168247447-1722543658-2110108262","samaccountname":"DnsAdmins","isaclprotected":false,"description":"DNS Administrators Group","whencreated":1687167969,"admincount":false},"Members":[],"Aces":[{"PrincipalSID":"SUB.POSEIDON.YZX-S-1-5-32-548","PrincipalType":"Group","RightName":"GenericAll","IsInherited":false,"InheritanceHash":""},{"PrincipalSID":"S-1-5-21-4168247447-1722543658-2110108262-512","PrincipalType":"Group","RightName":"GenericAll","IsInherited":false,"InheritanceHash":""},{"PrincipalSID":"S-1-5-21-1190331060-1711709193-932631991-519","PrincipalType":"Base","RightName":"GenericAll","IsInherited":true,"InheritanceHash":"F9C4B7E61051D8572B3733F64B5E5BC4F2CE4939"},{"PrincipalSID":"SUB.POSEIDON.YZX-S-1-5-32-544","PrincipalType":"Group","RightName":"WriteDacl","IsInherited":true,"InheritanceHash":"62C26D4FB3FF64505B03CDD35D648DFBC6C157CC"},{"PrincipalSID":"SUB.POSEIDON.YZX-S-1-5-32-544","PrincipalType":"Group","RightName":"WriteOwner","IsInherited":true,"InheritanceHash":"62C26D4FB3FF64505B03CDD35D648DFBC6C157CC"},{"PrincipalSID":"SUB.POSEIDON.YZX-S-1-5-32-544","PrincipalType":"Group","RightName":"GenericWrite","IsInherited":true,"InheritanceHash":"62C26D4FB3FF64505B03CDD35D648DFBC6C157CC"}],"ObjectIdentifier":"S-1-5-21-4168247447-1722543658-2110108262-1101","IsDeleted":false,"IsACLProtected":false,"ContainedBy":{"ObjectIdentifier":"A4DDB738-6284-436C-B0F8-09DEF3E2FD01","ObjectType":"Container"}},{"Properties":{"domain":"SUB.POSEIDON.YZX","name":"DOMAIN COMPUTERS@SUB.POSEIDON.YZX","distinguishedname":"CN=DOMAIN COMPUTERS,CN=USERS,DC=SUB,DC=POSEIDON,DC=YZX","domainsid":"S-1-5-21-4168247447-1722543658-2110108262","samaccountname":"Domain Computers","isaclprotected":false,"description":"All workstations and servers joined to the domain","whencreated":1687167928,"admincount":false},"Members":[],"Aces":[{"PrincipalSID":"S-1-5-21-4168247447-1722543658-2110108262-512","PrincipalType":"Group","RightName":"Owns","IsInherited":false,"InheritanceHash":""},{"PrincipalSID":"SUB.POSEIDON.YZX-S-1-5-32-548","PrincipalType":"Group","RightName":"GenericAll","IsInherited":false,"InheritanceHash":""},{"PrincipalSID":"S-1-5-21-4168247447-1722543658-2110108262-512","PrincipalType":"Group","RightName":"GenericAll","IsInherited":false,"InheritanceHash":""},{"PrincipalSID":"S-1-5-21-1190331060-1711709193-932631991-519","PrincipalType":"Base","RightName":"GenericAll","IsInherited":true,"InheritanceHash":"F9C4B7E61051D8572B3733F64B5E5BC4F2CE4939"},{"PrincipalSID":"SUB.POSEIDON.YZX-S-1-5-32-544","PrincipalType":"Group","RightName":"WriteDacl","IsInherited":true,"InheritanceHash":"62C26D4FB3FF64505B03CDD35D648DFBC6C157CC"},{"PrincipalSID":"SUB.POSEIDON.YZX-S-1-5-32-544","PrincipalType":"Group","RightName":"WriteOwner","IsInherited":true,"InheritanceHash":"62C26D4FB3FF64505B03CDD35D648DFBC6C157CC"},{"PrincipalSID":"SUB.POSEIDON.YZX-S-1-5-32-544","PrincipalType":"Group","RightName":"GenericWrite","IsInherited":true,"InheritanceHash":"62C26D4FB3FF64505B03CDD35D648DFBC6C157CC"}],"ObjectIdentifier":"S-1-5-21-4168247447-1722543658-2110108262-515","IsDeleted":false,"IsACLProtected":false,"ContainedBy":{"ObjectIdentifier":"A4DDB738-6284-436C-B0F8-09DEF3E2FD01","ObjectType":"Container"}},{"Properties":{"domain":"SUB.POSEIDON.YZX","name":"DOMAIN CONTROLLERS@SUB.POSEIDON.YZX","distinguishedname":"CN=DOMAIN CONTROLLERS,CN=USERS,DC=SUB,DC=POSEIDON,DC=YZX","domainsid":"S-1-5-21-4168247447-1722543658-2110108262","samaccountname":"Domain Controllers","isaclprotected":true,"description":"All domain controllers in the domain","whencreated":1687167928,"admincount":true},"Members":[],"Aces":[{"PrincipalSID":"S-1-5-21-4168247447-1722543658-2110108262-512","PrincipalType":"Group","RightName":"Owns","IsInherited":false,"InheritanceHash":""},{"PrincipalSID":"SUB.POSEIDON.YZX-S-1-5-32-544","PrincipalType":"Group","RightName":"WriteDacl","IsInherited":false,"InheritanceHash":""},{"PrincipalSID":"SUB.POSEIDON.YZX-S-1-5-32-544","PrincipalType":"Group","RightName":"WriteOwner","IsInherited":false,"InheritanceHash":""},{"PrincipalSID":"SUB.POSEIDON.YZX-S-1-5-32-544","PrincipalType":"Group","RightName":"GenericWrite","IsInherited":false,"InheritanceHash":""},{"PrincipalSID":"S-1-5-21-4168247447-1722543658-2110108262-512","PrincipalType":"Group","RightName":"WriteDacl","IsInherited":false,"InheritanceHash":""},{"PrincipalSID":"S-1-5-21-4168247447-1722543658-2110108262-512","PrincipalType":"Group","RightName":"WriteOwner","IsInherited":false,"InheritanceHash":""},{"PrincipalSID":"S-1-5-21-4168247447-1722543658-2110108262-512","PrincipalType":"Group","RightName":"GenericWrite","IsInherited":false,"InheritanceHash":""},{"PrincipalSID":"S-1-5-21-1190331060-1711709193-932631991-519","PrincipalType":"Base","RightName":"WriteDacl","IsInherited":false,"InheritanceHash":""},{"PrincipalSID":"S-1-5-21-1190331060-1711709193-932631991-519","PrincipalType":"Base","RightName":"WriteOwner","IsInherited":false,"InheritanceHash":""},{"PrincipalSID":"S-1-5-21-1190331060-1711709193-932631991-519","PrincipalType":"Base","RightName":"GenericWrite","IsInherited":false,"InheritanceHash":""}],"ObjectIdentifier":"S-1-5-21-4168247447-1722543658-2110108262-516","IsDeleted":false,"IsACLProtected":true,"ContainedBy":{"ObjectIdentifier":"A4DDB738-6284-436C-B0F8-09DEF3E2FD01","ObjectType":"Container"}},{"Properties":{"domain":"SUB.POSEIDON.YZX","name":"DOMAIN ADMINS@SUB.POSEIDON.YZX","distinguishedname":"CN=DOMAIN ADMINS,CN=USERS,DC=SUB,DC=POSEIDON,DC=YZX","domainsid":"S-1-5-21-4168247447-1722543658-2110108262","samaccountname":"Domain Admins","isaclprotected":true,"description":"Designated administrators of the domain","whencreated":1687167928,"admincount":true},"Members":[{"ObjectIdentifier":"S-1-5-21-4168247447-1722543658-2110108262-500","ObjectType":"User"}],"Aces":[{"PrincipalSID":"S-1-5-21-4168247447-1722543658-2110108262-512","PrincipalType":"Group","RightName":"Owns","IsInherited":false,"InheritanceHash":""},{"PrincipalSID":"SUB.POSEIDON.YZX-S-1-5-32-544","PrincipalType":"Group","RightName":"WriteDacl","IsInherited":false,"InheritanceHash":""},{"PrincipalSID":"SUB.POSEIDON.YZX-S-1-5-32-544","PrincipalType":"Group","RightName":"WriteOwner","IsInherited":false,"InheritanceHash":""},{"PrincipalSID":"SUB.POSEIDON.YZX-S-1-5-32-544","PrincipalType":"Group","RightName":"GenericWrite","IsInherited":false,"InheritanceHash":""},{"PrincipalSID":"S-1-5-21-4168247447-1722543658-2110108262-512","PrincipalType":"Group","RightName":"WriteDacl","IsInherited":false,"InheritanceHash":""},{"PrincipalSID":"S-1-5-21-4168247447-1722543658-2110108262-512","PrincipalType":"Group","RightName":"WriteOwner","IsInherited":false,"InheritanceHash":""},{"PrincipalSID":"S-1-5-21-4168247447-1722543658-2110108262-512","PrincipalType":"Group","RightName":"GenericWrite","IsInherited":false,"InheritanceHash":""},{"PrincipalSID":"S-1-5-21-1190331060-1711709193-932631991-519","PrincipalType":"Base","RightName":"WriteDacl","IsInherited":false,"InheritanceHash":""},{"PrincipalSID":"S-1-5-21-1190331060-1711709193-932631991-519","PrincipalType":"Base","RightName":"WriteOwner","IsInherited":false,"InheritanceHash":""},{"PrincipalSID":"S-1-5-21-1190331060-1711709193-932631991-519","PrincipalType":"Base","RightName":"GenericWrite","IsInherited":false,"InheritanceHash":""}],"ObjectIdentifier":"S-1-5-21-4168247447-1722543658-2110108262-512","IsDeleted":false,"IsACLProtected":true,"ContainedBy":{"ObjectIdentifier":"A4DDB738-6284-436C-B0F8-09DEF3E2FD01","ObjectType":"Container"}},{"Properties":{"domain":"SUB.POSEIDON.YZX","name":"DOMAIN USERS@SUB.POSEIDON.YZX","distinguishedname":"CN=DOMAIN USERS,CN=USERS,DC=SUB,DC=POSEIDON,DC=YZX","domainsid":"S-1-5-21-4168247447-1722543658-2110108262","samaccountname":"Domain Users","isaclprotected":false,"description":"All domain users","whencreated":1687167928,"admincount":false},"Members":[],"Aces":[{"PrincipalSID":"S-1-5-21-4168247447-1722543658-2110108262-512","PrincipalType":"Group","RightName":"Owns","IsInherited":false,"InheritanceHash":""},{"PrincipalSID":"SUB.POSEIDON.YZX-S-1-5-32-548","PrincipalType":"Group","RightName":"GenericAll","IsInherited":false,"InheritanceHash":""},{"PrincipalSID":"S-1-5-21-4168247447-1722543658-2110108262-512","PrincipalType":"Group","RightName":"GenericAll","IsInherited":false,"InheritanceHash":""},{"PrincipalSID":"S-1-5-21-1190331060-1711709193-932631991-519","PrincipalType":"Base","RightName":"GenericAll","IsInherited":true,"InheritanceHash":"F9C4B7E61051D8572B3733F64B5E5BC4F2CE4939"},{"PrincipalSID":"SUB.POSEIDON.YZX-S-1-5-32-544","PrincipalType":"Group","RightName":"WriteDacl","IsInherited":true,"InheritanceHash":"62C26D4FB3FF64505B03CDD35D648DFBC6C157CC"},{"PrincipalSID":"SUB.POSEIDON.YZX-S-1-5-32-544","PrincipalType":"Group","RightName":"WriteOwner","IsInherited":true,"InheritanceHash":"62C26D4FB3FF64505B03CDD35D648DFBC6C157CC"},{"PrincipalSID":"SUB.POSEIDON.YZX-S-1-5-32-544","PrincipalType":"Group","RightName":"GenericWrite","IsInherited":true,"InheritanceHash":"62C26D4FB3FF64505B03CDD35D648DFBC6C157CC"}],"ObjectIdentifier":"S-1-5-21-4168247447-1722543658-2110108262-513","IsDeleted":false,"IsACLProtected":false,"ContainedBy":{"ObjectIdentifier":"A4DDB738-6284-436C-B0F8-09DEF3E2FD01","ObjectType":"Container"}},{"Properties":{"domain":"SUB.POSEIDON.YZX","name":"DOMAIN GUESTS@SUB.POSEIDON.YZX","distinguishedname":"CN=DOMAIN GUESTS,CN=USERS,DC=SUB,DC=POSEIDON,DC=YZX","domainsid":"S-1-5-21-4168247447-1722543658-2110108262","samaccountname":"Domain Guests","isaclprotected":false,"description":"All domain guests","whencreated":1687167928,"admincount":false},"Members":[],"Aces":[{"PrincipalSID":"S-1-5-21-4168247447-1722543658-2110108262-512","PrincipalType":"Group","RightName":"Owns","IsInherited":false,"InheritanceHash":""},{"PrincipalSID":"SUB.POSEIDON.YZX-S-1-5-32-548","PrincipalType":"Group","RightName":"GenericAll","IsInherited":false,"InheritanceHash":""},{"PrincipalSID":"S-1-5-21-4168247447-1722543658-2110108262-512","PrincipalType":"Group","RightName":"GenericAll","IsInherited":false,"InheritanceHash":""},{"PrincipalSID":"S-1-5-21-1190331060-1711709193-932631991-519","PrincipalType":"Base","RightName":"GenericAll","IsInherited":true,"InheritanceHash":"F9C4B7E61051D8572B3733F64B5E5BC4F2CE4939"},{"PrincipalSID":"SUB.POSEIDON.YZX-S-1-5-32-544","PrincipalType":"Group","RightName":"WriteDacl","IsInherited":true,"InheritanceHash":"62C26D4FB3FF64505B03CDD35D648DFBC6C157CC"},{"PrincipalSID":"SUB.POSEIDON.YZX-S-1-5-32-544","PrincipalType":"Group","RightName":"WriteOwner","IsInherited":true,"InheritanceHash":"62C26D4FB3FF64505B03CDD35D648DFBC6C157CC"},{"PrincipalSID":"SUB.POSEIDON.YZX-S-1-5-32-544","PrincipalType":"Group","RightName":"GenericWrite","IsInherited":true,"InheritanceHash":"62C26D4FB3FF64505B03CDD35D648DFBC6C157CC"}],"ObjectIdentifier":"S-1-5-21-4168247447-1722543658-2110108262-514","IsDeleted":false,"IsACLProtected":false,"ContainedBy":{"ObjectIdentifier":"A4DDB738-6284-436C-B0F8-09DEF3E2FD01","ObjectType":"Container"}},{"Properties":{"domain":"SUB.POSEIDON.YZX","name":"GROUP POLICY CREATOR OWNERS@SUB.POSEIDON.YZX","distinguishedname":"CN=GROUP POLICY CREATOR OWNERS,CN=USERS,DC=SUB,DC=POSEIDON,DC=YZX","domainsid":"S-1-5-21-4168247447-1722543658-2110108262","samaccountname":"Group Policy Creator Owners","isaclprotected":false,"description":"Members in this group can modify group policy for the domain","whencreated":1687167928,"admincount":false},"Members":[{"ObjectIdentifier":"S-1-5-21-4168247447-1722543658-2110108262-500","ObjectType":"User"}],"Aces":[{"PrincipalSID":"S-1-5-21-4168247447-1722543658-2110108262-512","PrincipalType":"Group","RightName":"Owns","IsInherited":false,"InheritanceHash":""},{"PrincipalSID":"SUB.POSEIDON.YZX-S-1-5-32-548","PrincipalType":"Group","RightName":"GenericAll","IsInherited":false,"InheritanceHash":""},{"PrincipalSID":"S-1-5-21-4168247447-1722543658-2110108262-512","PrincipalType":"Group","RightName":"GenericAll","IsInherited":false,"InheritanceHash":""},{"PrincipalSID":"S-1-5-21-1190331060-1711709193-932631991-519","PrincipalType":"Base","RightName":"GenericAll","IsInherited":true,"InheritanceHash":"F9C4B7E61051D8572B3733F64B5E5BC4F2CE4939"},{"PrincipalSID":"SUB.POSEIDON.YZX-S-1-5-32-544","PrincipalType":"Group","RightName":"WriteDacl","IsInherited":true,"InheritanceHash":"62C26D4FB3FF64505B03CDD35D648DFBC6C157CC"},{"PrincipalSID":"SUB.POSEIDON.YZX-S-1-5-32-544","PrincipalType":"Group","RightName":"WriteOwner","IsInherited":true,"InheritanceHash":"62C26D4FB3FF64505B03CDD35D648DFBC6C157CC"},{"PrincipalSID":"SUB.POSEIDON.YZX-S-1-5-32-544","PrincipalType":"Group","RightName":"GenericWrite","IsInherited":true,"InheritanceHash":"62C26D4FB3FF64505B03CDD35D648DFBC6C157CC"}],"ObjectIdentifier":"S-1-5-21-4168247447-1722543658-2110108262-520","IsDeleted":false,"IsACLProtected":false,"ContainedBy":{"ObjectIdentifier":"A4DDB738-6284-436C-B0F8-09DEF3E2FD01","ObjectType":"Container"}},{"Properties":{"domain":"SUB.POSEIDON.YZX","name":"READ-ONLY DOMAIN CONTROLLERS@SUB.POSEIDON.YZX","distinguishedname":"CN=READ-ONLY DOMAIN CONTROLLERS,CN=USERS,DC=SUB,DC=POSEIDON,DC=YZX","domainsid":"S-1-5-21-4168247447-1722543658-2110108262","samaccountname":"Read-only Domain Controllers","isaclprotected":true,"description":"Members of this group are Read-Only Domain Controllers in the domain","whencreated":1687167928,"admincount":true},"Members":[],"Aces":[{"PrincipalSID":"S-1-5-21-4168247447-1722543658-2110108262-512","PrincipalType":"Group","RightName":"Owns","IsInherited":false,"InheritanceHash":""},{"PrincipalSID":"SUB.POSEIDON.YZX-S-1-5-32-544","PrincipalType":"Group","RightName":"WriteDacl","IsInherited":false,"InheritanceHash":""},{"PrincipalSID":"SUB.POSEIDON.YZX-S-1-5-32-544","PrincipalType":"Group","RightName":"WriteOwner","IsInherited":false,"InheritanceHash":""},{"PrincipalSID":"SUB.POSEIDON.YZX-S-1-5-32-544","PrincipalType":"Group","RightName":"GenericWrite","IsInherited":false,"InheritanceHash":""},{"PrincipalSID":"S-1-5-21-4168247447-1722543658-2110108262-512","PrincipalType":"Group","RightName":"WriteDacl","IsInherited":false,"InheritanceHash":""},{"PrincipalSID":"S-1-5-21-4168247447-1722543658-2110108262-512","PrincipalType":"Group","RightName":"WriteOwner","IsInherited":false,"InheritanceHash":""},{"PrincipalSID":"S-1-5-21-4168247447-1722543658-2110108262-512","PrincipalType":"Group","RightName":"GenericWrite","IsInherited":false,"InheritanceHash":""},{"PrincipalSID":"S-1-5-21-1190331060-1711709193-932631991-519","PrincipalType":"Base","RightName":"WriteDacl","IsInherited":false,"InheritanceHash":""},{"PrincipalSID":"S-1-5-21-1190331060-1711709193-932631991-519","PrincipalType":"Base","RightName":"WriteOwner","IsInherited":false,"InheritanceHash":""},{"PrincipalSID":"S-1-5-21-1190331060-1711709193-932631991-519","PrincipalType":"Base","RightName":"GenericWrite","IsInherited":false,"InheritanceHash":""}],"ObjectIdentifier":"S-1-5-21-4168247447-1722543658-2110108262-521","IsDeleted":false,"IsACLProtected":true,"ContainedBy":{"ObjectIdentifier":"A4DDB738-6284-436C-B0F8-09DEF3E2FD01","ObjectType":"Container"}},{"Properties":{"domain":"SUB.POSEIDON.YZX","name":"CLONEABLE DOMAIN CONTROLLERS@SUB.POSEIDON.YZX","distinguishedname":"CN=CLONEABLE DOMAIN CONTROLLERS,CN=USERS,DC=SUB,DC=POSEIDON,DC=YZX","domainsid":"S-1-5-21-4168247447-1722543658-2110108262","samaccountname":"Cloneable Domain Controllers","isaclprotected":false,"description":"Members of this group that are domain controllers may be cloned.","whencreated":1687167928,"admincount":false},"Members":[],"Aces":[{"PrincipalSID":"S-1-5-21-4168247447-1722543658-2110108262-512","PrincipalType":"Group","RightName":"Owns","IsInherited":false,"InheritanceHash":""},{"PrincipalSID":"SUB.POSEIDON.YZX-S-1-5-32-548","PrincipalType":"Group","RightName":"GenericAll","IsInherited":false,"InheritanceHash":""},{"PrincipalSID":"S-1-5-21-4168247447-1722543658-2110108262-512","PrincipalType":"Group","RightName":"GenericAll","IsInherited":false,"InheritanceHash":""},{"PrincipalSID":"S-1-5-21-1190331060-1711709193-932631991-519","PrincipalType":"Base","RightName":"GenericAll","IsInherited":true,"InheritanceHash":"F9C4B7E61051D8572B3733F64B5E5BC4F2CE4939"},{"PrincipalSID":"SUB.POSEIDON.YZX-S-1-5-32-544","PrincipalType":"Group","RightName":"WriteDacl","IsInherited":true,"InheritanceHash":"62C26D4FB3FF64505B03CDD35D648DFBC6C157CC"},{"PrincipalSID":"SUB.POSEIDON.YZX-S-1-5-32-544","PrincipalType":"Group","RightName":"WriteOwner","IsInherited":true,"InheritanceHash":"62C26D4FB3FF64505B03CDD35D648DFBC6C157CC"},{"PrincipalSID":"SUB.POSEIDON.YZX-S-1-5-32-544","PrincipalType":"Group","RightName":"GenericWrite","IsInherited":true,"InheritanceHash":"62C26D4FB3FF64505B03CDD35D648DFBC6C157CC"}],"ObjectIdentifier":"S-1-5-21-4168247447-1722543658-2110108262-522","IsDeleted":false,"IsACLProtected":false,"ContainedBy":{"ObjectIdentifier":"A4DDB738-6284-436C-B0F8-09DEF3E2FD01","ObjectType":"Container"}},{"Properties":{"domain":"SUB.POSEIDON.YZX","name":"PROTECTED USERS@SUB.POSEIDON.YZX","distinguishedname":"CN=PROTECTED USERS,CN=USERS,DC=SUB,DC=POSEIDON,DC=YZX","domainsid":"S-1-5-21-4168247447-1722543658-2110108262","samaccountname":"Protected Users","isaclprotected":false,"description":"Members of this group are afforded additional protections against authentication security threats. See http://go.microsoft.com/fwlink/?LinkId=298939 for more information.","whencreated":1687167928,"admincount":false},"Members":[],"Aces":[{"PrincipalSID":"S-1-5-21-4168247447-1722543658-2110108262-512","PrincipalType":"Group","RightName":"Owns","IsInherited":false,"InheritanceHash":""},{"PrincipalSID":"SUB.POSEIDON.YZX-S-1-5-32-548","PrincipalType":"Group","RightName":"GenericAll","IsInherited":false,"InheritanceHash":""},{"PrincipalSID":"S-1-5-21-4168247447-1722543658-2110108262-512","PrincipalType":"Group","RightName":"GenericAll","IsInherited":false,"InheritanceHash":""},{"PrincipalSID":"S-1-5-21-1190331060-1711709193-932631991-519","PrincipalType":"Base","RightName":"GenericAll","IsInherited":true,"InheritanceHash":"F9C4B7E61051D8572B3733F64B5E5BC4F2CE4939"},{"PrincipalSID":"SUB.POSEIDON.YZX-S-1-5-32-544","PrincipalType":"Group","RightName":"WriteDacl","IsInherited":true,"InheritanceHash":"62C26D4FB3FF64505B03CDD35D648DFBC6C157CC"},{"PrincipalSID":"SUB.POSEIDON.YZX-S-1-5-32-544","PrincipalType":"Group","RightName":"WriteOwner","IsInherited":true,"InheritanceHash":"62C26D4FB3FF64505B03CDD35D648DFBC6C157CC"},{"PrincipalSID":"SUB.POSEIDON.YZX-S-1-5-32-544","PrincipalType":"Group","RightName":"GenericWrite","IsInherited":true,"InheritanceHash":"62C26D4FB3FF64505B03CDD35D648DFBC6C157CC"}],"ObjectIdentifier":"S-1-5-21-4168247447-1722543658-2110108262-525","IsDeleted":false,"IsACLProtected":false,"ContainedBy":{"ObjectIdentifier":"A4DDB738-6284-436C-B0F8-09DEF3E2FD01","ObjectType":"Container"}},{"Properties":{"domain":"SUB.POSEIDON.YZX","name":"KEY ADMINS@SUB.POSEIDON.YZX","distinguishedname":"CN=KEY ADMINS,CN=USERS,DC=SUB,DC=POSEIDON,DC=YZX","domainsid":"S-1-5-21-4168247447-1722543658-2110108262","samaccountname":"Key Admins","isaclprotected":true,"description":"Members of this group can perform administrative actions on key objects within the domain.","whencreated":1687167928,"admincount":true},"Members":[],"Aces":[{"PrincipalSID":"S-1-5-21-4168247447-1722543658-2110108262-512","PrincipalType":"Group","RightName":"Owns","IsInherited":false,"InheritanceHash":""},{"PrincipalSID":"SUB.POSEIDON.YZX-S-1-5-32-544","PrincipalType":"Group","RightName":"WriteDacl","IsInherited":false,"InheritanceHash":""},{"PrincipalSID":"SUB.POSEIDON.YZX-S-1-5-32-544","PrincipalType":"Group","RightName":"WriteOwner","IsInherited":false,"InheritanceHash":""},{"PrincipalSID":"SUB.POSEIDON.YZX-S-1-5-32-544","PrincipalType":"Group","RightName":"GenericWrite","IsInherited":false,"InheritanceHash":""},{"PrincipalSID":"S-1-5-21-4168247447-1722543658-2110108262-512","PrincipalType":"Group","RightName":"WriteDacl","IsInherited":false,"InheritanceHash":""},{"PrincipalSID":"S-1-5-21-4168247447-1722543658-2110108262-512","PrincipalType":"Group","RightName":"WriteOwner","IsInherited":false,"InheritanceHash":""},{"PrincipalSID":"S-1-5-21-4168247447-1722543658-2110108262-512","PrincipalType":"Group","RightName":"GenericWrite","IsInherited":false,"InheritanceHash":""},{"PrincipalSID":"S-1-5-21-1190331060-1711709193-932631991-519","PrincipalType":"Base","RightName":"WriteDacl","IsInherited":false,"InheritanceHash":""},{"PrincipalSID":"S-1-5-21-1190331060-1711709193-932631991-519","PrincipalType":"Base","RightName":"WriteOwner","IsInherited":false,"InheritanceHash":""},{"PrincipalSID":"S-1-5-21-1190331060-1711709193-932631991-519","PrincipalType":"Base","RightName":"GenericWrite","IsInherited":false,"InheritanceHash":""}],"ObjectIdentifier":"S-1-5-21-4168247447-1722543658-2110108262-526","IsDeleted":false,"IsACLProtected":true,"ContainedBy":{"ObjectIdentifier":"A4DDB738-6284-436C-B0F8-09DEF3E2FD01","ObjectType":"Container"}},{"Properties":{"domain":"SUB.POSEIDON.YZX","name":"DNSUPDATEPROXY@SUB.POSEIDON.YZX","distinguishedname":"CN=DNSUPDATEPROXY,CN=USERS,DC=SUB,DC=POSEIDON,DC=YZX","domainsid":"S-1-5-21-4168247447-1722543658-2110108262","samaccountname":"DnsUpdateProxy","isaclprotected":false,"description":"DNS clients who are permitted to perform dynamic updates on behalf of some other clients (such as DHCP servers).","whencreated":1687167970,"admincount":false},"Members":[],"Aces":[{"PrincipalSID":"SUB.POSEIDON.YZX-S-1-5-32-548","PrincipalType":"Group","RightName":"GenericAll","IsInherited":false,"InheritanceHash":""},{"PrincipalSID":"S-1-5-21-4168247447-1722543658-2110108262-512","PrincipalType":"Group","RightName":"GenericAll","IsInherited":false,"InheritanceHash":""},{"PrincipalSID":"S-1-5-21-1190331060-1711709193-932631991-519","PrincipalType":"Base","RightName":"GenericAll","IsInherited":true,"InheritanceHash":"F9C4B7E61051D8572B3733F64B5E5BC4F2CE4939"},{"PrincipalSID":"SUB.POSEIDON.YZX-S-1-5-32-544","PrincipalType":"Group","RightName":"WriteDacl","IsInherited":true,"InheritanceHash":"62C26D4FB3FF64505B03CDD35D648DFBC6C157CC"},{"PrincipalSID":"SUB.POSEIDON.YZX-S-1-5-32-544","PrincipalType":"Group","RightName":"WriteOwner","IsInherited":true,"InheritanceHash":"62C26D4FB3FF64505B03CDD35D648DFBC6C157CC"},{"PrincipalSID":"SUB.POSEIDON.YZX-S-1-5-32-544","PrincipalType":"Group","RightName":"GenericWrite","IsInherited":true,"InheritanceHash":"62C26D4FB3FF64505B03CDD35D648DFBC6C157CC"}],"ObjectIdentifier":"S-1-5-21-4168247447-1722543658-2110108262-1102","IsDeleted":false,"IsACLProtected":false,"ContainedBy":{"ObjectIdentifier":"A4DDB738-6284-436C-B0F8-09DEF3E2FD01","ObjectType":"Container"}},{"Properties":{"domain":"SUB.POSEIDON.YZX","name":"USERS@SUB.POSEIDON.YZX","distinguishedname":"CN=USERS,CN=BUILTIN,DC=SUB,DC=POSEIDON,DC=YZX","domainsid":"S-1-5-21-4168247447-1722543658-2110108262","samaccountname":"Users","isaclprotected":false,"description":"Users are prevented from making accidental or intentional system-wide changes and can run most applications","whencreated":1687167877,"admincount":false},"Members":[{"ObjectIdentifier":"S-1-5-21-4168247447-1722543658-2110108262-513","ObjectType":"Group"},{"ObjectIdentifier":"SUB.POSEIDON.YZX-S-1-5-11","ObjectType":"Group"},{"ObjectIdentifier":"SUB.POSEIDON.YZX-S-1-5-4","ObjectType":"Group"}],"Aces":[{"PrincipalSID":"SUB.POSEIDON.YZX-S-1-5-32-544","PrincipalType":"Group","RightName":"Owns","IsInherited":false,"InheritanceHash":""},{"PrincipalSID":"SUB.POSEIDON.YZX-S-1-5-32-548","PrincipalType":"Group","RightName":"GenericAll","IsInherited":false,"InheritanceHash":""},{"PrincipalSID":"S-1-5-21-4168247447-1722543658-2110108262-512","PrincipalType":"Group","RightName":"GenericAll","IsInherited":false,"InheritanceHash":""},{"PrincipalSID":"S-1-5-21-1190331060-1711709193-932631991-519","PrincipalType":"Base","RightName":"GenericAll","IsInherited":true,"InheritanceHash":"F9C4B7E61051D8572B3733F64B5E5BC4F2CE4939"},{"PrincipalSID":"SUB.POSEIDON.YZX-S-1-5-32-544","PrincipalType":"Group","RightName":"WriteDacl","IsInherited":true,"InheritanceHash":"62C26D4FB3FF64505B03CDD35D648DFBC6C157CC"},{"PrincipalSID":"SUB.POSEIDON.YZX-S-1-5-32-544","PrincipalType":"Group","RightName":"WriteOwner","IsInherited":true,"InheritanceHash":"62C26D4FB3FF64505B03CDD35D648DFBC6C157CC"},{"PrincipalSID":"SUB.POSEIDON.YZX-S-1-5-32-544","PrincipalType":"Group","RightName":"GenericWrite","IsInherited":true,"InheritanceHash":"62C26D4FB3FF64505B03CDD35D648DFBC6C157CC"}],"ObjectIdentifier":"SUB.POSEIDON.YZX-S-1-5-32-545","IsDeleted":false,"IsACLProtected":false,"ContainedBy":{"ObjectIdentifier":"S-1-5-21-4168247447-1722543658-2110108262","ObjectType":"Domain"}},{"Properties":{"domain":"SUB.POSEIDON.YZX","name":"ADMINISTRATORS@SUB.POSEIDON.YZX","distinguishedname":"CN=ADMINISTRATORS,CN=BUILTIN,DC=SUB,DC=POSEIDON,DC=YZX","domainsid":"S-1-5-21-4168247447-1722543658-2110108262","samaccountname":"Administrators","isaclprotected":true,"description":"Administrators have complete and unrestricted access to the computer/domain","whencreated":1687167877,"admincount":true},"Members":[{"ObjectIdentifier":"CN=ENTERPRISE ADMINS,CN=USERS,DC=POSEIDON,DC=YZX","ObjectType":"Base"},{"ObjectIdentifier":"S-1-5-21-4168247447-1722543658-2110108262-512","ObjectType":"Group"},{"ObjectIdentifier":"S-1-5-21-4168247447-1722543658-2110108262-500","ObjectType":"User"}],"Aces":[{"PrincipalSID":"S-1-5-21-4168247447-1722543658-2110108262-512","PrincipalType":"Group","RightName":"Owns","IsInherited":false,"InheritanceHash":""},{"PrincipalSID":"SUB.POSEIDON.YZX-S-1-5-32-544","PrincipalType":"Group","RightName":"WriteDacl","IsInherited":false,"InheritanceHash":""},{"PrincipalSID":"SUB.POSEIDON.YZX-S-1-5-32-544","PrincipalType":"Group","RightName":"WriteOwner","IsInherited":false,"InheritanceHash":""},{"PrincipalSID":"SUB.POSEIDON.YZX-S-1-5-32-544","PrincipalType":"Group","RightName":"GenericWrite","IsInherited":false,"InheritanceHash":""},{"PrincipalSID":"S-1-5-21-4168247447-1722543658-2110108262-512","PrincipalType":"Group","RightName":"WriteDacl","IsInherited":false,"InheritanceHash":""},{"PrincipalSID":"S-1-5-21-4168247447-1722543658-2110108262-512","PrincipalType":"Group","RightName":"WriteOwner","IsInherited":false,"InheritanceHash":""},{"PrincipalSID":"S-1-5-21-4168247447-1722543658-2110108262-512","PrincipalType":"Group","RightName":"GenericWrite","IsInherited":false,"InheritanceHash":""},{"PrincipalSID":"S-1-5-21-1190331060-1711709193-932631991-519","PrincipalType":"Base","RightName":"WriteDacl","IsInherited":false,"InheritanceHash":""},{"PrincipalSID":"S-1-5-21-1190331060-1711709193-932631991-519","PrincipalType":"Base","RightName":"WriteOwner","IsInherited":false,"InheritanceHash":""},{"PrincipalSID":"S-1-5-21-1190331060-1711709193-932631991-519","PrincipalType":"Base","RightName":"GenericWrite","IsInherited":false,"InheritanceHash":""}],"ObjectIdentifier":"SUB.POSEIDON.YZX-S-1-5-32-544","IsDeleted":false,"IsACLProtected":true,"ContainedBy":{"ObjectIdentifier":"S-1-5-21-4168247447-1722543658-2110108262","ObjectType":"Domain"}},{"Properties":{"domain":"SUB.POSEIDON.YZX","name":"DENIED RODC PASSWORD REPLICATION GROUP@SUB.POSEIDON.YZX","distinguishedname":"CN=DENIED RODC PASSWORD REPLICATION GROUP,CN=USERS,DC=SUB,DC=POSEIDON,DC=YZX","domainsid":"S-1-5-21-4168247447-1722543658-2110108262","samaccountname":"Denied RODC Password Replication Group","isaclprotected":false,"description":"Members in this group cannot have their passwords replicated to any read-only domain controllers in the domain","whencreated":1687167928,"admincount":false},"Members":[{"ObjectIdentifier":"CN=ENTERPRISE ADMINS,CN=USERS,DC=POSEIDON,DC=YZX","ObjectType":"Base"},{"ObjectIdentifier":"CN=SCHEMA ADMINS,CN=USERS,DC=POSEIDON,DC=YZX","ObjectType":"Base"},{"ObjectIdentifier":"S-1-5-21-4168247447-1722543658-2110108262-521","ObjectType":"Group"},{"ObjectIdentifier":"S-1-5-21-4168247447-1722543658-2110108262-520","ObjectType":"Group"},{"ObjectIdentifier":"S-1-5-21-4168247447-1722543658-2110108262-512","ObjectType":"Group"},{"ObjectIdentifier":"S-1-5-21-4168247447-1722543658-2110108262-517","ObjectType":"Group"},{"ObjectIdentifier":"S-1-5-21-4168247447-1722543658-2110108262-516","ObjectType":"Group"},{"ObjectIdentifier":"S-1-5-21-4168247447-1722543658-2110108262-502","ObjectType":"User"}],"Aces":[{"PrincipalSID":"S-1-5-21-4168247447-1722543658-2110108262-512","PrincipalType":"Group","RightName":"Owns","IsInherited":false,"InheritanceHash":""},{"PrincipalSID":"SUB.POSEIDON.YZX-S-1-5-32-548","PrincipalType":"Group","RightName":"GenericAll","IsInherited":false,"InheritanceHash":""},{"PrincipalSID":"S-1-5-21-4168247447-1722543658-2110108262-512","PrincipalType":"Group","RightName":"GenericAll","IsInherited":false,"InheritanceHash":""},{"PrincipalSID":"S-1-5-21-1190331060-1711709193-932631991-519","PrincipalType":"Base","RightName":"GenericAll","IsInherited":true,"InheritanceHash":"F9C4B7E61051D8572B3733F64B5E5BC4F2CE4939"},{"PrincipalSID":"SUB.POSEIDON.YZX-S-1-5-32-544","PrincipalType":"Group","RightName":"WriteDacl","IsInherited":true,"InheritanceHash":"62C26D4FB3FF64505B03CDD35D648DFBC6C157CC"},{"PrincipalSID":"SUB.POSEIDON.YZX-S-1-5-32-544","PrincipalType":"Group","RightName":"WriteOwner","IsInherited":true,"InheritanceHash":"62C26D4FB3FF64505B03CDD35D648DFBC6C157CC"},{"PrincipalSID":"SUB.POSEIDON.YZX-S-1-5-32-544","PrincipalType":"Group","RightName":"GenericWrite","IsInherited":true,"InheritanceHash":"62C26D4FB3FF64505B03CDD35D648DFBC6C157CC"}],"ObjectIdentifier":"S-1-5-21-4168247447-1722543658-2110108262-572","IsDeleted":false,"IsACLProtected":false,"ContainedBy":{"ObjectIdentifier":"A4DDB738-6284-436C-B0F8-09DEF3E2FD01","ObjectType":"Container"}},{"Properties":{"name":"AUTHENTICATED USERS@SUB.POSEIDON.YZX","domainsid":"S-1-5-21-4168247447-1722543658-2110108262","domain":"SUB.POSEIDON.YZX","reconcile":false},"Members":[],"Aces":[],"ObjectIdentifier":"SUB.POSEIDON.YZX-S-1-5-11","IsDeleted":false,"IsACLProtected":false,"ContainedBy":null},{"Properties":{"name":"EVENT LOG READERS@SUB.POSEIDON.YZX","domainsid":"S-1-5-21-4168247447-1722543658-2110108262","domain":"SUB.POSEIDON.YZX","reconcile":false},"Members":[],"Aces":[],"ObjectIdentifier":"SUB.POSEIDON.YZX-S-1-5-32-573","IsDeleted":false,"IsACLProtected":false,"ContainedBy":null},{"Properties":{"name":"RDS ENDPOINT SERVERS@SUB.POSEIDON.YZX","domainsid":"S-1-5-21-4168247447-1722543658-2110108262","domain":"SUB.POSEIDON.YZX","reconcile":false},"Members":[],"Aces":[],"ObjectIdentifier":"SUB.POSEIDON.YZX-S-1-5-32-576","IsDeleted":false,"IsACLProtected":false,"ContainedBy":null},{"Properties":{"name":"RDS MANAGEMENT SERVERS@SUB.POSEIDON.YZX","domainsid":"S-1-5-21-4168247447-1722543658-2110108262","domain":"SUB.POSEIDON.YZX","reconcile":false},"Members":[],"Aces":[],"ObjectIdentifier":"SUB.POSEIDON.YZX-S-1-5-32-577","IsDeleted":false,"IsACLProtected":false,"ContainedBy":null},{"Properties":{"name":"CERTIFICATE SERVICE DCOM ACCESS@SUB.POSEIDON.YZX","domainsid":"S-1-5-21-4168247447-1722543658-2110108262","domain":"SUB.POSEIDON.YZX","reconcile":false},"Members":[],"Aces":[],"ObjectIdentifier":"SUB.POSEIDON.YZX-S-1-5-32-574","IsDeleted":false,"IsACLProtected":false,"ContainedBy":null},{"Properties":{"name":"RDS REMOTE ACCESS SERVERS@SUB.POSEIDON.YZX","domainsid":"S-1-5-21-4168247447-1722543658-2110108262","domain":"SUB.POSEIDON.YZX","reconcile":false},"Members":[],"Aces":[],"ObjectIdentifier":"SUB.POSEIDON.YZX-S-1-5-32-575","IsDeleted":false,"IsACLProtected":false,"ContainedBy":null},{"Properties":{"name":"HYPER-V ADMINISTRATORS@SUB.POSEIDON.YZX","domainsid":"S-1-5-21-4168247447-1722543658-2110108262","domain":"SUB.POSEIDON.YZX","reconcile":false},"Members":[],"Aces":[],"ObjectIdentifier":"SUB.POSEIDON.YZX-S-1-5-32-578","IsDeleted":false,"IsACLProtected":false,"ContainedBy":null},{"Properties":{"name":"ACCESS CONTROL ASSISTANCE OPERATORS@SUB.POSEIDON.YZX","domainsid":"S-1-5-21-4168247447-1722543658-2110108262","domain":"SUB.POSEIDON.YZX","reconcile":false},"Members":[],"Aces":[],"ObjectIdentifier":"SUB.POSEIDON.YZX-S-1-5-32-579","IsDeleted":false,"IsACLProtected":false,"ContainedBy":null},{"Properties":{"name":"INTERACTIVE@SUB.POSEIDON.YZX","domainsid":"S-1-5-21-4168247447-1722543658-2110108262","domain":"SUB.POSEIDON.YZX","reconcile":false},"Members":[],"Aces":[],"ObjectIdentifier":"SUB.POSEIDON.YZX-S-1-5-4","IsDeleted":false,"IsACLProtected":false,"ContainedBy":null},{"Properties":{"name":"GUESTS@SUB.POSEIDON.YZX","domainsid":"S-1-5-21-4168247447-1722543658-2110108262","domain":"SUB.POSEIDON.YZX","reconcile":false},"Members":[],"Aces":[],"ObjectIdentifier":"SUB.POSEIDON.YZX-S-1-5-32-546","IsDeleted":false,"IsACLProtected":false,"ContainedBy":null},{"Properties":{"name":"ADMINISTRATORS@SUB.POSEIDON.YZX","domainsid":"S-1-5-21-4168247447-1722543658-2110108262","domain":"SUB.POSEIDON.YZX","reconcile":false},"Members":[],"Aces":[],"ObjectIdentifier":"SUB.POSEIDON.YZX-S-1-5-32-544","IsDeleted":false,"IsACLProtected":false,"ContainedBy":null},{"Properties":{"name":"USERS@SUB.POSEIDON.YZX","domainsid":"S-1-5-21-4168247447-1722543658-2110108262","domain":"SUB.POSEIDON.YZX","reconcile":false},"Members":[],"Aces":[],"ObjectIdentifier":"SUB.POSEIDON.YZX-S-1-5-32-545","IsDeleted":false,"IsACLProtected":false,"ContainedBy":null},{"Properties":{"name":"AUTHENTICATED USERS@POSEIDON.YZX","domainsid":"S-1-5-21-1190331060-1711709193-932631991","domain":"POSEIDON.YZX","reconcile":false},"Members":[],"Aces":[],"ObjectIdentifier":"POSEIDON.YZX-S-1-5-11","IsDeleted":false,"IsACLProtected":false,"ContainedBy":null},{"Properties":{"name":"ACCOUNT OPERATORS@SUB.POSEIDON.YZX","domainsid":"S-1-5-21-4168247447-1722543658-2110108262","domain":"SUB.POSEIDON.YZX","reconcile":false},"Members":[],"Aces":[],"ObjectIdentifier":"SUB.POSEIDON.YZX-S-1-5-32-548","IsDeleted":false,"IsACLProtected":false,"ContainedBy":null},{"Properties":{"name":"SERVER OPERATORS@SUB.POSEIDON.YZX","domainsid":"S-1-5-21-4168247447-1722543658-2110108262","domain":"SUB.POSEIDON.YZX","reconcile":false},"Members":[],"Aces":[],"ObjectIdentifier":"SUB.POSEIDON.YZX-S-1-5-32-549","IsDeleted":false,"IsACLProtected":false,"ContainedBy":null},{"Properties":{"name":"EVERYONE@POSEIDON.YZX","domainsid":"S-1-5-21-1190331060-1711709193-932631991","domain":"POSEIDON.YZX","reconcile":false},"Members":[],"Aces":[],"ObjectIdentifier":"POSEIDON.YZX-S-1-1-0","IsDeleted":false,"IsACLProtected":false,"ContainedBy":null},{"Properties":{"name":"DISTRIBUTED COM USERS@SUB.POSEIDON.YZX","domainsid":"S-1-5-21-4168247447-1722543658-2110108262","domain":"SUB.POSEIDON.YZX","reconcile":false},"Members":[],"Aces":[],"ObjectIdentifier":"SUB.POSEIDON.YZX-S-1-5-32-562","IsDeleted":false,"IsACLProtected":false,"ContainedBy":null},{"Properties":{"name":"WINDOWS AUTHORIZATION ACCESS GROUP@SUB.POSEIDON.YZX","domainsid":"S-1-5-21-4168247447-1722543658-2110108262","domain":"SUB.POSEIDON.YZX","reconcile":false},"Members":[],"Aces":[],"ObjectIdentifier":"SUB.POSEIDON.YZX-S-1-5-32-560","IsDeleted":false,"IsACLProtected":false,"ContainedBy":null},{"Properties":{"name":"STORAGE REPLICA ADMINISTRATORS@SUB.POSEIDON.YZX","domainsid":"S-1-5-21-4168247447-1722543658-2110108262","domain":"SUB.POSEIDON.YZX","reconcile":false},"Members":[],"Aces":[],"ObjectIdentifier":"SUB.POSEIDON.YZX-S-1-5-32-582","IsDeleted":false,"IsACLProtected":false,"ContainedBy":null},{"Properties":{"name":"TERMINAL SERVER LICENSE SERVERS@SUB.POSEIDON.YZX","domainsid":"S-1-5-21-4168247447-1722543658-2110108262","domain":"SUB.POSEIDON.YZX","reconcile":false},"Members":[],"Aces":[],"ObjectIdentifier":"SUB.POSEIDON.YZX-S-1-5-32-561","IsDeleted":false,"IsACLProtected":false,"ContainedBy":null},{"Properties":{"name":"REPLICATORS@SUB.POSEIDON.YZX","domainsid":"S-1-5-21-4168247447-1722543658-2110108262","domain":"SUB.POSEIDON.YZX","reconcile":false},"Members":[],"Aces":[],"ObjectIdentifier":"SUB.POSEIDON.YZX-S-1-5-32-552","IsDeleted":false,"IsACLProtected":false,"ContainedBy":null},{"Properties":{"name":"REMOTE MANAGEMENT USERS@SUB.POSEIDON.YZX","domainsid":"S-1-5-21-4168247447-1722543658-2110108262","domain":"SUB.POSEIDON.YZX","reconcile":false},"Members":[],"Aces":[],"ObjectIdentifier":"SUB.POSEIDON.YZX-S-1-5-32-580","IsDeleted":false,"IsACLProtected":false,"ContainedBy":null},{"Properties":{"name":"PRINT OPERATORS@SUB.POSEIDON.YZX","domainsid":"S-1-5-21-4168247447-1722543658-2110108262","domain":"SUB.POSEIDON.YZX","reconcile":false},"Members":[],"Aces":[],"ObjectIdentifier":"SUB.POSEIDON.YZX-S-1-5-32-550","IsDeleted":false,"IsACLProtected":false,"ContainedBy":null},{"Properties":{"name":"ADMINISTRATORS@POSEIDON.YZX","domainsid":"S-1-5-21-1190331060-1711709193-932631991","domain":"POSEIDON.YZX","reconcile":false},"Members":[],"Aces":[],"ObjectIdentifier":"POSEIDON.YZX-S-1-5-32-544","IsDeleted":false,"IsACLProtected":false,"ContainedBy":null},{"Properties":{"name":"SYSTEM MANAGED ACCOUNTS GROUP@SUB.POSEIDON.YZX","domainsid":"S-1-5-21-4168247447-1722543658-2110108262","domain":"SUB.POSEIDON.YZX","reconcile":false},"Members":[],"Aces":[],"ObjectIdentifier":"SUB.POSEIDON.YZX-S-1-5-32-581","IsDeleted":false,"IsACLProtected":false,"ContainedBy":null},{"Properties":{"name":"BACKUP OPERATORS@SUB.POSEIDON.YZX","domainsid":"S-1-5-21-4168247447-1722543658-2110108262","domain":"SUB.POSEIDON.YZX","reconcile":false},"Members":[],"Aces":[],"ObjectIdentifier":"SUB.POSEIDON.YZX-S-1-5-32-551","IsDeleted":false,"IsACLProtected":false,"ContainedBy":null},{"Properties":{"name":"NETWORK CONFIGURATION OPERATORS@SUB.POSEIDON.YZX","domainsid":"S-1-5-21-4168247447-1722543658-2110108262","domain":"SUB.POSEIDON.YZX","reconcile":false},"Members":[],"Aces":[],"ObjectIdentifier":"SUB.POSEIDON.YZX-S-1-5-32-556","IsDeleted":false,"IsACLProtected":false,"ContainedBy":null},{"Properties":{"name":"INCOMING FOREST TRUST BUILDERS@SUB.POSEIDON.YZX","domainsid":"S-1-5-21-4168247447-1722543658-2110108262","domain":"SUB.POSEIDON.YZX","reconcile":false},"Members":[],"Aces":[],"ObjectIdentifier":"SUB.POSEIDON.YZX-S-1-5-32-557","IsDeleted":false,"IsACLProtected":false,"ContainedBy":null},{"Properties":{"name":"PRE-WINDOWS 2000 COMPATIBLE ACCESS@SUB.POSEIDON.YZX","domainsid":"S-1-5-21-4168247447-1722543658-2110108262","domain":"SUB.POSEIDON.YZX","reconcile":false},"Members":[],"Aces":[],"ObjectIdentifier":"SUB.POSEIDON.YZX-S-1-5-32-554","IsDeleted":false,"IsACLProtected":false,"ContainedBy":null},{"Properties":{"name":"EVERYONE@SUB.POSEIDON.YZX","domainsid":"S-1-5-21-4168247447-1722543658-2110108262","domain":"SUB.POSEIDON.YZX","reconcile":false},"Members":[],"Aces":[],"ObjectIdentifier":"SUB.POSEIDON.YZX-S-1-1-0","IsDeleted":false,"IsACLProtected":false,"ContainedBy":null},{"Properties":{"name":"REMOTE DESKTOP USERS@SUB.POSEIDON.YZX","domainsid":"S-1-5-21-4168247447-1722543658-2110108262","domain":"SUB.POSEIDON.YZX","reconcile":false},"Members":[],"Aces":[],"ObjectIdentifier":"SUB.POSEIDON.YZX-S-1-5-32-555","IsDeleted":false,"IsACLProtected":false,"ContainedBy":null},{"Properties":{"name":"IIS_IUSRS@SUB.POSEIDON.YZX","domainsid":"S-1-5-21-4168247447-1722543658-2110108262","domain":"SUB.POSEIDON.YZX","reconcile":false},"Members":[],"Aces":[],"ObjectIdentifier":"SUB.POSEIDON.YZX-S-1-5-32-568","IsDeleted":false,"IsACLProtected":false,"ContainedBy":null},{"Properties":{"name":"CRYPTOGRAPHIC OPERATORS@SUB.POSEIDON.YZX","domainsid":"S-1-5-21-4168247447-1722543658-2110108262","domain":"SUB.POSEIDON.YZX","reconcile":false},"Members":[],"Aces":[],"ObjectIdentifier":"SUB.POSEIDON.YZX-S-1-5-32-569","IsDeleted":false,"IsACLProtected":false,"ContainedBy":null},{"Properties":{"name":"PERFORMANCE MONITOR USERS@SUB.POSEIDON.YZX","domainsid":"S-1-5-21-4168247447-1722543658-2110108262","domain":"SUB.POSEIDON.YZX","reconcile":false},"Members":[],"Aces":[],"ObjectIdentifier":"SUB.POSEIDON.YZX-S-1-5-32-558","IsDeleted":false,"IsACLProtected":false,"ContainedBy":null},{"Properties":{"name":"PERFORMANCE LOG USERS@SUB.POSEIDON.YZX","domainsid":"S-1-5-21-4168247447-1722543658-2110108262","domain":"SUB.POSEIDON.YZX","reconcile":false},"Members":[],"Aces":[],"ObjectIdentifier":"SUB.POSEIDON.YZX-S-1-5-32-559","IsDeleted":false,"IsACLProtected":false,"ContainedBy":null},{"Properties":{"name":"ENTERPRISE DOMAIN CONTROLLERS@POSEIDON.YZX","domainsid":"S-1-5-21-1190331060-1711709193-932631991","domain":"POSEIDON.YZX"},"Members":[{"ObjectIdentifier":"S-1-5-21-4168247447-1722543658-2110108262-1000","ObjectType":"Computer"}],"Aces":[],"ObjectIdentifier":"POSEIDON.YZX-S-1-5-9","IsDeleted":false,"IsACLProtected":false,"ContainedBy":null}],"meta":{"methods":291819,"type":"groups","count":80,"version":6,"collectorversion":"2.5.13.0"}}