{"data":[{"GPOChanges":{"LocalAdmins":[],"RemoteDesktopUsers":[],"DcomUsers":[],"PSRemoteUsers":[],"AffectedComputers":[]},"Properties":{"domain":"SUB.POSEIDON.YZX","name":"DOMAIN CONTROLLERS@SUB.POSEIDON.YZX","distinguishedname":"OU=DOMAIN CONTROLLERS,DC=SUB,DC=POSEIDON,DC=YZX","domainsid":"S-1-5-21-4168247447-1722543658-2110108262","isaclprotected":false,"description":"Default container for domain controllers","whencreated":1687167877,"blocksinheritance":false},"Links":[{"IsEnforced":false,"GUID":"85B3E99C-9E6E-44AE-9463-7AB51ECF71F1"}],"ChildObjects":[],"InheritanceHashes":[],"Aces":[{"PrincipalSID":"S-1-5-21-4168247447-1722543658-2110108262-512","PrincipalType":"Group","RightName":"Owns","IsInherited":false,"InheritanceHash":""},{"PrincipalSID":"S-1-5-21-4168247447-1722543658-2110108262-512","PrincipalType":"Group","RightName":"WriteDacl","IsInherited":false,"InheritanceHash":""},{"PrincipalSID":"S-1-5-21-4168247447-1722543658-2110108262-512","PrincipalType":"Group","RightName":"WriteOwner","IsInherited":false,"InheritanceHash":""},{"PrincipalSID":"S-1-5-21-4168247447-1722543658-2110108262-512","PrincipalType":"Group","RightName":"GenericWrite","IsInherited":false,"InheritanceHash":""},{"PrincipalSID":"S-1-5-21-1190331060-1711709193-932631991-519","PrincipalType":"Base","RightName":"GenericAll","IsInherited":true,"InheritanceHash":"F9C4B7E61051D8572B3733F64B5E5BC4F2CE4939"},{"PrincipalSID":"SUB.POSEIDON.YZX-S-1-5-32-544","PrincipalType":"Group","RightName":"WriteDacl","IsInherited":true,"InheritanceHash":"62C26D4FB3FF64505B03CDD35D648DFBC6C157CC"},{"PrincipalSID":"SUB.POSEIDON.YZX-S-1-5-32-544","PrincipalType":"Group","RightName":"WriteOwner","IsInherited":true,"InheritanceHash":"62C26D4FB3FF64505B03CDD35D648DFBC6C157CC"},{"PrincipalSID":"SUB.POSEIDON.YZX-S-1-5-32-544","PrincipalType":"Group","RightName":"GenericWrite","IsInherited":true,"InheritanceHash":"62C26D4FB3FF64505B03CDD35D648DFBC6C157CC"}],"ObjectIdentifier":"F6E4E08A-25A5-4103-AE14-03BC07063EDB","IsDeleted":false,"IsACLProtected":false,"ContainedBy":{"ObjectIdentifier":"S-1-5-21-4168247447-1722543658-2110108262","ObjectType":"Domain"}}],"meta":{"methods":291819,"type":"ous","count":1,"version":6,"collectorversion":"2.5.13.0"}}