{"data":[{"GPOChanges":{"LocalAdmins":[],"RemoteDesktopUsers":[],"DcomUsers":[],"PSRemoteUsers":[],"AffectedComputers":[]},"Properties":{"domain":"SUB.POSEIDON.YZX","name":"SUB.POSEIDON.YZX","distinguishedname":"DC=SUB,DC=POSEIDON,DC=YZX","domainsid":"S-1-5-21-4168247447-1722543658-2110108262","isaclprotected":false,"whencreated":1687167876,"expirepasswordsonsmartcardonlyaccounts":true,"machineaccountquota":10,"minpwdlength":7,"pwdproperties":0,"pwdhistorylength":24,"lockoutthreshold":0,"minpwdage":"1 day","maxpwdage":"42 days","lockoutduration":"30 minutes","lockoutobservationwindow":-18000000000,"functionallevel":"2016","dsheuristics":null,"collected":true},"ChildObjects":[],"Trusts":[{"TargetDomainSid":"S-1-5-21-1190331060-1711709193-932631991","TargetDomainName":"POSEIDON.YZX","IsTransitive":true,"SidFilteringEnabled":false,"TGTDelegationEnabled":true,"TrustAttributes":32,"TrustDirection":"Bidirectional","TrustType":"ParentChild"}],"Links":[{"IsEnforced":true,"GUID":"022F2609-484A-4180-A657-059BEEFEA878"}],"InheritanceHashes":["62C26D4FB3FF64505B03CDD35D648DFBC6C157CC","8A7E70B9447D3D266713CC63539109610AAA6F86","F9C4B7E61051D8572B3733F64B5E5BC4F2CE4939","3394B12047D813D8E785125F70F036295659396E","C8CE4AAA5C895484A901F72D613EFA95438BFA1A","82F1118FBA43CD2991735436A4256B6401296391","79E657916A6257A3890516F4B5C5749385CE5F20","59E396EE9D1563738E09F4AFF5AD9F6A2B49ED81","3DE3D31BBEDBB149C22B91C4D5D825C27516FC5F","1E2C5E5D6036945B25A0266659639802036FDAE6","EE7C62BD0BDA67AA9375734AD13D1B6CC290585E","195BDF5C18EF348D1E32B3776E15256C3BE6D538","8C74E47810A59795113F55CA35B1B0DBD66C3F83","071E9D07A61B031233EB2CB44ABC2363AA4BA22F","743D89658154E650805272325F934263D6151DED","8F98BE23EF0F9767559FBEAB131B2C5A4BEBD3D6","DD535FBD6F04B9160C8671CC680E942E29CB9B0E","82CDB193747C1F5C2D0BE388A2B7581B8224D361","B6558A8F4A0E7763D7A4B70E4EDA03989DA879C1","8BB3CCCDA8BE49EC6D663A84D5AB406F979FD58D","1F702041B47B82932DB76457B2FA59F68242487D"],"ForestRootIdentifier":"S-1-5-21-1190331060-1711709193-932631991","Aces":[{"PrincipalSID":"SUB.POSEIDON.YZX-S-1-5-32-544","PrincipalType":"Group","RightName":"Owns","IsInherited":false,"InheritanceHash":""},{"PrincipalSID":"SUB.POSEIDON.YZX-S-1-5-32-544","PrincipalType":"Group","RightName":"WriteDacl","IsInherited":false,"InheritanceHash":""},{"PrincipalSID":"SUB.POSEIDON.YZX-S-1-5-32-544","PrincipalType":"Group","RightName":"WriteOwner","IsInherited":false,"InheritanceHash":""},{"PrincipalSID":"SUB.POSEIDON.YZX-S-1-5-32-544","PrincipalType":"Group","RightName":"AllExtendedRights","IsInherited":false,"InheritanceHash":""},{"PrincipalSID":"SUB.POSEIDON.YZX-S-1-5-32-544","PrincipalType":"Group","RightName":"GenericWrite","IsInherited":false,"InheritanceHash":""},{"PrincipalSID":"S-1-5-21-4168247447-1722543658-2110108262-512","PrincipalType":"Group","RightName":"WriteDacl","IsInherited":false,"InheritanceHash":""},{"PrincipalSID":"S-1-5-21-4168247447-1722543658-2110108262-512","PrincipalType":"Group","RightName":"WriteOwner","IsInherited":false,"InheritanceHash":""},{"PrincipalSID":"S-1-5-21-4168247447-1722543658-2110108262-512","PrincipalType":"Group","RightName":"AllExtendedRights","IsInherited":false,"InheritanceHash":""},{"PrincipalSID":"S-1-5-21-4168247447-1722543658-2110108262-512","PrincipalType":"Group","RightName":"GenericWrite","IsInherited":false,"InheritanceHash":""},{"PrincipalSID":"S-1-5-21-1190331060-1711709193-932631991-519","PrincipalType":"Base","RightName":"GenericAll","IsInherited":false,"InheritanceHash":""},{"PrincipalSID":"POSEIDON.YZX-S-1-5-9","PrincipalType":"Group","RightName":"GetChanges","IsInherited":false,"InheritanceHash":""},{"PrincipalSID":"POSEIDON.YZX-S-1-5-9","PrincipalType":"Group","RightName":"GetChangesInFilteredSet","IsInherited":false,"InheritanceHash":""},{"PrincipalSID":"SUB.POSEIDON.YZX-S-1-5-32-544","PrincipalType":"Group","RightName":"GetChangesAll","IsInherited":false,"InheritanceHash":""},{"PrincipalSID":"SUB.POSEIDON.YZX-S-1-5-32-544","PrincipalType":"Group","RightName":"GetChanges","IsInherited":false,"InheritanceHash":""},{"PrincipalSID":"SUB.POSEIDON.YZX-S-1-5-32-544","PrincipalType":"Group","RightName":"GetChangesInFilteredSet","IsInherited":false,"InheritanceHash":""},{"PrincipalSID":"S-1-5-21-4168247447-1722543658-2110108262-516","PrincipalType":"Group","RightName":"GetChangesAll","IsInherited":false,"InheritanceHash":""},{"PrincipalSID":"S-1-5-21-1190331060-1711709193-932631991-498","PrincipalType":"Base","RightName":"GetChanges","IsInherited":false,"InheritanceHash":""}],"ObjectIdentifier":"S-1-5-21-4168247447-1722543658-2110108262","IsDeleted":false,"IsACLProtected":false,"ContainedBy":null}],"meta":{"methods":291819,"type":"domains","count":1,"version":6,"collectorversion":"2.5.13.0"}}