{"data":[{"Properties":{"domain":"SUB.POSEIDON.YZX","name":"GYOZA.SUB.POSEIDON.YZX","distinguishedname":"CN=GYOZA,CN=COMPUTERS,DC=SUB,DC=POSEIDON,DC=YZX","domainsid":"S-1-5-21-4168247447-1722543658-2110108262","samaccountname":"GYOZA$","haslaps":false,"isaclprotected":false,"whencreated":1687169372,"enabled":true,"unconstraineddelegation":false,"trustedtoauth":false,"isdc":false,"encryptedtextpwdallowed":false,"usedeskeyonly":false,"logonscriptenabled":false,"lockedout":false,"passwordexpired":false,"supportedencryptiontypes":["RC4-HMAC-MD5","AES128-CTS-HMAC-SHA1-96","AES256-CTS-HMAC-SHA1-96"],"lastlogon":1747221251,"lastlogontimestamp":1747220351,"pwdlastset":1747221251,"serviceprincipalnames":["WSMAN/gyoza","WSMAN/gyoza.sub.poseidon.yzx","RestrictedKrbHost/GYOZA","HOST/GYOZA","RestrictedKrbHost/gyoza.sub.poseidon.yzx","HOST/gyoza.sub.poseidon.yzx"],"email":null,"useraccountcontrol":4096,"operatingsystem":"Windows 10 Pro","sidhistory":[]},"PrimaryGroupSID":"S-1-5-21-4168247447-1722543658-2110108262-515","AllowedToDelegate":[],"AllowedToAct":[],"HasSIDHistory":[],"DumpSMSAPassword":[],"Sessions":{"Results":[],"Collected":false,"FailureReason":null},"PrivilegedSessions":{"Results":[],"Collected":false,"FailureReason":null},"RegistrySessions":{"Results":[],"Collected":false,"FailureReason":null},"LocalGroups":[],"UserRights":[],"DCRegistryData":{"CertificateMappingMethods":null,"StrongCertificateBindingEnforcement":null},"Status":{"Connectable":false,"Error":"PortNotOpen"},"IsDC":false,"UnconstrainedDelegation":false,"DomainSID":"S-1-5-21-4168247447-1722543658-2110108262","Aces":[{"PrincipalSID":"S-1-5-21-4168247447-1722543658-2110108262-512","PrincipalType":"Group","RightName":"Owns","IsInherited":false,"InheritanceHash":""},{"PrincipalSID":"SUB.POSEIDON.YZX-S-1-5-32-548","PrincipalType":"Group","RightName":"GenericAll","IsInherited":false,"InheritanceHash":""},{"PrincipalSID":"S-1-5-21-4168247447-1722543658-2110108262-512","PrincipalType":"Group","RightName":"GenericAll","IsInherited":false,"InheritanceHash":""},{"PrincipalSID":"S-1-5-21-4168247447-1722543658-2110108262-512","PrincipalType":"Group","RightName":"WriteAccountRestrictions","IsInherited":false,"InheritanceHash":""},{"PrincipalSID":"S-1-5-21-4168247447-1722543658-2110108262-526","PrincipalType":"Group","RightName":"AddKeyCredentialLink","IsInherited":true,"InheritanceHash":"8BB3CCCDA8BE49EC6D663A84D5AB406F979FD58D"},{"PrincipalSID":"S-1-5-21-1190331060-1711709193-932631991-527","PrincipalType":"Base","RightName":"AddKeyCredentialLink","IsInherited":true,"InheritanceHash":"1F702041B47B82932DB76457B2FA59F68242487D"},{"PrincipalSID":"S-1-5-21-1190331060-1711709193-932631991-519","PrincipalType":"Base","RightName":"GenericAll","IsInherited":true,"InheritanceHash":"F9C4B7E61051D8572B3733F64B5E5BC4F2CE4939"},{"PrincipalSID":"SUB.POSEIDON.YZX-S-1-5-32-544","PrincipalType":"Group","RightName":"WriteDacl","IsInherited":true,"InheritanceHash":"62C26D4FB3FF64505B03CDD35D648DFBC6C157CC"},{"PrincipalSID":"SUB.POSEIDON.YZX-S-1-5-32-544","PrincipalType":"Group","RightName":"WriteOwner","IsInherited":true,"InheritanceHash":"62C26D4FB3FF64505B03CDD35D648DFBC6C157CC"},{"PrincipalSID":"SUB.POSEIDON.YZX-S-1-5-32-544","PrincipalType":"Group","RightName":"GenericWrite","IsInherited":true,"InheritanceHash":"62C26D4FB3FF64505B03CDD35D648DFBC6C157CC"}],"ObjectIdentifier":"S-1-5-21-4168247447-1722543658-2110108262-1107","IsDeleted":false,"IsACLProtected":false,"ContainedBy":{"ObjectIdentifier":"38FF1E1C-7A6A-4053-8A64-16632C5240F0","ObjectType":"Container"}},{"Properties":{"domain":"SUB.POSEIDON.YZX","name":"DC02.SUB.POSEIDON.YZX","distinguishedname":"CN=DC02,OU=DOMAIN CONTROLLERS,DC=SUB,DC=POSEIDON,DC=YZX","domainsid":"S-1-5-21-4168247447-1722543658-2110108262","samaccountname":"DC02$","haslaps":false,"isaclprotected":false,"whencreated":1687167928,"enabled":true,"unconstraineddelegation":true,"trustedtoauth":false,"isdc":true,"encryptedtextpwdallowed":false,"usedeskeyonly":false,"logonscriptenabled":false,"lockedout":false,"passwordexpired":false,"supportedencryptiontypes":["RC4-HMAC-MD5","AES128-CTS-HMAC-SHA1-96","AES256-CTS-HMAC-SHA1-96"],"lastlogon":1747220336,"lastlogontimestamp":1747220328,"pwdlastset":1747220328,"serviceprincipalnames":["TERMSRV/DC02","TERMSRV/dc02.sub.poseidon.yzx","ldap/dc02.sub.poseidon.yzx/DomainDnsZones.sub.poseidon.yzx","ldap/dc02.sub.poseidon.yzx/ForestDnsZones.poseidon.yzx","Dfsr-12F9A27C-BF97-4787-9364-D31B6C55EB04/dc02.sub.poseidon.yzx","DNS/dc02.sub.poseidon.yzx","GC/dc02.sub.poseidon.yzx/poseidon.yzx","RestrictedKrbHost/dc02.sub.poseidon.yzx","RestrictedKrbHost/DC02","RPC/3795fb12-6f02-4b36-b44a-f80afbb10ad0._msdcs.poseidon.yzx","HOST/DC02/sub","HOST/dc02.sub.poseidon.yzx/sub","HOST/DC02","HOST/dc02.sub.poseidon.yzx","HOST/dc02.sub.poseidon.yzx/sub.poseidon.yzx","E3514235-4B06-11D1-AB04-00C04FC2DCD2/3795fb12-6f02-4b36-b44a-f80afbb10ad0/sub.poseidon.yzx","ldap/DC02/sub","ldap/3795fb12-6f02-4b36-b44a-f80afbb10ad0._msdcs.poseidon.yzx","ldap/dc02.sub.poseidon.yzx/sub","ldap/DC02","ldap/dc02.sub.poseidon.yzx","ldap/dc02.sub.poseidon.yzx/sub.poseidon.yzx"],"email":null,"useraccountcontrol":532480,"operatingsystem":"Windows Server 2016 Standard","sidhistory":[]},"PrimaryGroupSID":"S-1-5-21-4168247447-1722543658-2110108262-516","AllowedToDelegate":[],"AllowedToAct":[],"HasSIDHistory":[],"DumpSMSAPassword":[],"Sessions":{"Results":[],"Collected":false,"FailureReason":null},"PrivilegedSessions":{"Results":[],"Collected":false,"FailureReason":null},"RegistrySessions":{"Results":[],"Collected":false,"FailureReason":null},"LocalGroups":[],"UserRights":[],"DCRegistryData":{"CertificateMappingMethods":null,"StrongCertificateBindingEnforcement":null},"Status":{"Connectable":false,"Error":"PortNotOpen"},"IsDC":true,"UnconstrainedDelegation":true,"DomainSID":"S-1-5-21-4168247447-1722543658-2110108262","Aces":[{"PrincipalSID":"S-1-5-21-4168247447-1722543658-2110108262-512","PrincipalType":"Group","RightName":"Owns","IsInherited":false,"InheritanceHash":""},{"PrincipalSID":"S-1-5-21-4168247447-1722543658-2110108262-512","PrincipalType":"Group","RightName":"GenericAll","IsInherited":false,"InheritanceHash":""},{"PrincipalSID":"S-1-5-21-4168247447-1722543658-2110108262-1105","PrincipalType":"User","RightName":"GenericAll","IsInherited":false,"InheritanceHash":""},{"PrincipalSID":"S-1-5-21-4168247447-1722543658-2110108262-512","PrincipalType":"Group","RightName":"WriteAccountRestrictions","IsInherited":false,"InheritanceHash":""},{"PrincipalSID":"S-1-5-21-4168247447-1722543658-2110108262-526","PrincipalType":"Group","RightName":"AddKeyCredentialLink","IsInherited":true,"InheritanceHash":"8BB3CCCDA8BE49EC6D663A84D5AB406F979FD58D"},{"PrincipalSID":"S-1-5-21-1190331060-1711709193-932631991-527","PrincipalType":"Base","RightName":"AddKeyCredentialLink","IsInherited":true,"InheritanceHash":"1F702041B47B82932DB76457B2FA59F68242487D"},{"PrincipalSID":"S-1-5-21-1190331060-1711709193-932631991-519","PrincipalType":"Base","RightName":"GenericAll","IsInherited":true,"InheritanceHash":"F9C4B7E61051D8572B3733F64B5E5BC4F2CE4939"},{"PrincipalSID":"SUB.POSEIDON.YZX-S-1-5-32-544","PrincipalType":"Group","RightName":"WriteDacl","IsInherited":true,"InheritanceHash":"62C26D4FB3FF64505B03CDD35D648DFBC6C157CC"},{"PrincipalSID":"SUB.POSEIDON.YZX-S-1-5-32-544","PrincipalType":"Group","RightName":"WriteOwner","IsInherited":true,"InheritanceHash":"62C26D4FB3FF64505B03CDD35D648DFBC6C157CC"},{"PrincipalSID":"SUB.POSEIDON.YZX-S-1-5-32-544","PrincipalType":"Group","RightName":"GenericWrite","IsInherited":true,"InheritanceHash":"62C26D4FB3FF64505B03CDD35D648DFBC6C157CC"}],"ObjectIdentifier":"S-1-5-21-4168247447-1722543658-2110108262-1000","IsDeleted":false,"IsACLProtected":false,"ContainedBy":{"ObjectIdentifier":"F6E4E08A-25A5-4103-AE14-03BC07063EDB","ObjectType":"OU"}}],"meta":{"methods":291819,"type":"computers","count":2,"version":6,"collectorversion":"2.5.13.0"}}