{"data":[{"Properties":{"domain":"SUB.POSEIDON.YZX","name":"DEFAULT DOMAIN POLICY@SUB.POSEIDON.YZX","distinguishedname":"CN={31B2F340-016D-11D2-945F-00C04FB984F9},CN=POLICIES,CN=SYSTEM,DC=SUB,DC=POSEIDON,DC=YZX","domainsid":"S-1-5-21-4168247447-1722543658-2110108262","isaclprotected":true,"whencreated":1687167876,"gpcpath":"\\\\SUB.POSEIDON.YZX\\SYSVOL\\SUB.POSEIDON.YZX\\POLICIES\\{31B2F340-016D-11D2-945F-00C04FB984F9}"},"Aces":[{"PrincipalSID":"S-1-5-21-4168247447-1722543658-2110108262-512","PrincipalType":"Group","RightName":"Owns","IsInherited":false,"InheritanceHash":""},{"PrincipalSID":"S-1-5-21-4168247447-1722543658-2110108262-512","PrincipalType":"Group","RightName":"WriteDacl","IsInherited":false,"InheritanceHash":""},{"PrincipalSID":"S-1-5-21-4168247447-1722543658-2110108262-512","PrincipalType":"Group","RightName":"WriteOwner","IsInherited":false,"InheritanceHash":""},{"PrincipalSID":"S-1-5-21-4168247447-1722543658-2110108262-512","PrincipalType":"Group","RightName":"GenericWrite","IsInherited":false,"InheritanceHash":""},{"PrincipalSID":"S-1-5-21-4168247447-1722543658-2110108262-512","PrincipalType":"Group","RightName":"WriteDacl","IsInherited":false,"InheritanceHash":""},{"PrincipalSID":"S-1-5-21-4168247447-1722543658-2110108262-512","PrincipalType":"Group","RightName":"WriteOwner","IsInherited":false,"InheritanceHash":""},{"PrincipalSID":"S-1-5-21-4168247447-1722543658-2110108262-512","PrincipalType":"Group","RightName":"GenericWrite","IsInherited":false,"InheritanceHash":""},{"PrincipalSID":"S-1-5-21-1190331060-1711709193-932631991-519","PrincipalType":"Base","RightName":"WriteDacl","IsInherited":false,"InheritanceHash":""},{"PrincipalSID":"S-1-5-21-1190331060-1711709193-932631991-519","PrincipalType":"Base","RightName":"WriteOwner","IsInherited":false,"InheritanceHash":""},{"PrincipalSID":"S-1-5-21-1190331060-1711709193-932631991-519","PrincipalType":"Base","RightName":"GenericWrite","IsInherited":false,"InheritanceHash":""}],"ObjectIdentifier":"022F2609-484A-4180-A657-059BEEFEA878","IsDeleted":false,"IsACLProtected":true,"ContainedBy":null},{"Properties":{"domain":"SUB.POSEIDON.YZX","name":"DEFAULT DOMAIN CONTROLLERS POLICY@SUB.POSEIDON.YZX","distinguishedname":"CN={6AC1786C-016F-11D2-945F-00C04FB984F9},CN=POLICIES,CN=SYSTEM,DC=SUB,DC=POSEIDON,DC=YZX","domainsid":"S-1-5-21-4168247447-1722543658-2110108262","isaclprotected":true,"whencreated":1687167876,"gpcpath":"\\\\SUB.POSEIDON.YZX\\SYSVOL\\SUB.POSEIDON.YZX\\POLICIES\\{6AC1786C-016F-11D2-945F-00C04FB984F9}"},"Aces":[{"PrincipalSID":"S-1-5-21-4168247447-1722543658-2110108262-512","PrincipalType":"Group","RightName":"Owns","IsInherited":false,"InheritanceHash":""},{"PrincipalSID":"S-1-5-21-4168247447-1722543658-2110108262-512","PrincipalType":"Group","RightName":"WriteDacl","IsInherited":false,"InheritanceHash":""},{"PrincipalSID":"S-1-5-21-4168247447-1722543658-2110108262-512","PrincipalType":"Group","RightName":"WriteOwner","IsInherited":false,"InheritanceHash":""},{"PrincipalSID":"S-1-5-21-4168247447-1722543658-2110108262-512","PrincipalType":"Group","RightName":"GenericWrite","IsInherited":false,"InheritanceHash":""},{"PrincipalSID":"S-1-5-21-4168247447-1722543658-2110108262-512","PrincipalType":"Group","RightName":"WriteDacl","IsInherited":false,"InheritanceHash":""},{"PrincipalSID":"S-1-5-21-4168247447-1722543658-2110108262-512","PrincipalType":"Group","RightName":"WriteOwner","IsInherited":false,"InheritanceHash":""},{"PrincipalSID":"S-1-5-21-4168247447-1722543658-2110108262-512","PrincipalType":"Group","RightName":"GenericWrite","IsInherited":false,"InheritanceHash":""},{"PrincipalSID":"S-1-5-21-1190331060-1711709193-932631991-519","PrincipalType":"Base","RightName":"WriteDacl","IsInherited":false,"InheritanceHash":""},{"PrincipalSID":"S-1-5-21-1190331060-1711709193-932631991-519","PrincipalType":"Base","RightName":"WriteOwner","IsInherited":false,"InheritanceHash":""},{"PrincipalSID":"S-1-5-21-1190331060-1711709193-932631991-519","PrincipalType":"Base","RightName":"GenericWrite","IsInherited":false,"InheritanceHash":""}],"ObjectIdentifier":"85B3E99C-9E6E-44AE-9463-7AB51ECF71F1","IsDeleted":false,"IsACLProtected":true,"ContainedBy":null}],"meta":{"methods":291819,"type":"gpos","count":2,"version":6,"collectorversion":"2.5.13.0"}}